INFO Watching for file changes with StatReloader
INFO Payment callback received
INFO Payment SUCCESS saved for order_id=36, txnid=TXN82E5A5CD-642
INFO D:\project\project\product\views.py changed, reloading.
INFO Watching for file changes with StatReloader
INFO D:\project\project\product\views.py changed, reloading.
INFO Watching for file changes with StatReloader
INFO D:\project\project\product\views.py changed, reloading.
INFO Watching for file changes with StatReloader
INFO D:\project\project\product\views.py changed, reloading.
INFO Watching for file changes with StatReloader
INFO D:\project\project\product\views.py changed, reloading.
INFO Watching for file changes with StatReloader
INFO D:\project\project\product\views.py changed, reloading.
INFO Watching for file changes with StatReloader
INFO D:\project\project\product\views.py changed, reloading.
INFO Watching for file changes with StatReloader
INFO Watching for file changes with StatReloader
WARNING Not Found: /favicon.ico
INFO Order details | user=pradeep | product=Chocolate cake | quantity=10 | delivery_date=2025-12-26 | message=santhosh.s
INFO Order created | order_id=37 | txnid=TXN2C4FED89-E33 | product=Chocolate cake | amount=7000.00 | user_id=17 | username=pradeep | email=pradeep12@gmail.com
INFO Payment callback received
INFO Payment SUCCESS saved for order_id=37, txnid=TXN2C4FED89-E33
INFO Payment callback received
INFO Payment SUCCESS saved for order_id=37, txnid=TXN2C4FED89-E33
INFO Watching for file changes with StatReloader
WARNING Not Found: /favicon.ico
INFO D:\project\project\product\admin.py changed, reloading.
INFO Watching for file changes with StatReloader
INFO D:\project\project\product\admin.py changed, reloading.
INFO Watching for file changes with StatReloader
INFO D:\project\project\product\admin.py changed, reloading.
INFO Watching for file changes with StatReloader
INFO D:\project\project\product\admin.py changed, reloading.
INFO Watching for file changes with StatReloader
INFO D:\project\project\product\admin.py changed, reloading.
INFO Watching for file changes with StatReloader
INFO D:\project\project\product\admin.py changed, reloading.
INFO Watching for file changes with StatReloader
INFO Watching for file changes with StatReloader
INFO D:\project\project\product\views.py changed, reloading.
INFO Watching for file changes with StatReloader
INFO D:\project\project\product\views.py changed, reloading.
INFO Watching for file changes with StatReloader
INFO D:\project\project\product\views.py changed, reloading.
INFO Watching for file changes with StatReloader
INFO Watching for file changes with StatReloader
INFO D:\project\project\product\views.py changed, reloading.
INFO Watching for file changes with StatReloader
INFO D:\project\project\product\views.py changed, reloading.
INFO Watching for file changes with StatReloader
INFO D:\project\project\product\views.py changed, reloading.
INFO Watching for file changes with StatReloader
INFO D:\project\project\product\views.py changed, reloading.
INFO Watching for file changes with StatReloader
INFO D:\project\project\product\views.py changed, reloading.
INFO Watching for file changes with StatReloader
INFO Watching for file changes with StatReloader
INFO D:\project\project\product\admin.py changed, reloading.
INFO Watching for file changes with StatReloader
INFO Watching for file changes with StatReloader
ERROR Internal Server Error: /products/
Traceback (most recent call last):
  File "D:\project\project\env\Lib\site-packages\django\core\handlers\exception.py", line 55, in inner
    response = get_response(request)
  File "D:\project\project\env\Lib\site-packages\django\core\handlers\base.py", line 198, in _get_response
    response = wrapped_callback(request, *callback_args, **callback_kwargs)
  File "D:\project\project\product\views.py", line 27, in products
    return render(request, 'product/products.html', {'products': products})
  File "D:\project\project\env\Lib\site-packages\django\shortcuts.py", line 25, in render
    content = loader.render_to_string(template_name, context, request, using=using)
  File "D:\project\project\env\Lib\site-packages\django\template\loader.py", line 61, in render_to_string
    template = get_template(template_name, using=using)
  File "D:\project\project\env\Lib\site-packages\django\template\loader.py", line 19, in get_template
    raise TemplateDoesNotExist(template_name, chain=chain)
django.template.exceptions.TemplateDoesNotExist: product/products.html
INFO Order details | user=pradeep | product=Brownie | quantity=4 | delivery_date=2025-12-31 | message=d
INFO Order details | user=pradeep | product=Brownie | quantity=4 | delivery_date=2025-12-31 | message=d
INFO Order created | order_id=38 | txnid=TXN74B93270-F03 | product=Brownie | amount=3996.00 | user_id=17 | username=pradeep | email=pradeep12@gmail.com
INFO Order created | order_id=39 | txnid=TXN1B07918A-D8D | product=Brownie | amount=3996.00 | user_id=17 | username=pradeep | email=pradeep12@gmail.com
INFO Payment callback received
INFO Payment SUCCESS saved for order_id=39, txnid=TXN1B07918A-D8D
INFO Payment callback received
INFO Payment SUCCESS saved for order_id=39, txnid=TXN1B07918A-D8D
INFO Payment callback received
INFO Payment SUCCESS saved for order_id=39, txnid=TXN1B07918A-D8D
INFO Order details | user=pradeep | product=Brownie | quantity=1 | delivery_date=2025-12-31 | message=d
INFO Order created | order_id=40 | txnid=TXN4A09EA14-7D0 | product=Brownie | amount=999.00 | user_id=17 | username=pradeep | email=pradeep12@gmail.com
ERROR Internal Server Error: /products/
Traceback (most recent call last):
  File "D:\project\project\env\Lib\site-packages\django\core\handlers\exception.py", line 55, in inner
    response = get_response(request)
  File "D:\project\project\env\Lib\site-packages\django\core\handlers\base.py", line 198, in _get_response
    response = wrapped_callback(request, *callback_args, **callback_kwargs)
  File "D:\project\project\product\views.py", line 27, in products
    return render(request, 'product/products.html', {'products': products})
  File "D:\project\project\env\Lib\site-packages\django\shortcuts.py", line 25, in render
    content = loader.render_to_string(template_name, context, request, using=using)
  File "D:\project\project\env\Lib\site-packages\django\template\loader.py", line 61, in render_to_string
    template = get_template(template_name, using=using)
  File "D:\project\project\env\Lib\site-packages\django\template\loader.py", line 19, in get_template
    raise TemplateDoesNotExist(template_name, chain=chain)
django.template.exceptions.TemplateDoesNotExist: product/products.html
ERROR Internal Server Error: /products/
Traceback (most recent call last):
  File "D:\project\project\env\Lib\site-packages\django\core\handlers\exception.py", line 55, in inner
    response = get_response(request)
  File "D:\project\project\env\Lib\site-packages\django\core\handlers\base.py", line 198, in _get_response
    response = wrapped_callback(request, *callback_args, **callback_kwargs)
  File "D:\project\project\product\views.py", line 27, in products
    return render(request, 'product/products.html', {'products': products})
  File "D:\project\project\env\Lib\site-packages\django\shortcuts.py", line 25, in render
    content = loader.render_to_string(template_name, context, request, using=using)
  File "D:\project\project\env\Lib\site-packages\django\template\loader.py", line 61, in render_to_string
    template = get_template(template_name, using=using)
  File "D:\project\project\env\Lib\site-packages\django\template\loader.py", line 19, in get_template
    raise TemplateDoesNotExist(template_name, chain=chain)
django.template.exceptions.TemplateDoesNotExist: product/products.html
INFO Watching for file changes with StatReloader
INFO Order details | user=pradeep | product=Double chocolate Cookie | quantity=1 | delivery_date=2026-01-12 | message=wow
INFO Order created | order_id=41 | txnid=TXNB9FB698D-BA4 | product=Double chocolate Cookie | amount=456.00 | user_id=17 | username=pradeep | email=pradeep12@gmail.com
INFO Payment callback received
INFO Payment SUCCESS saved for order_id=41, txnid=TXNB9FB698D-BA4
INFO Watching for file changes with StatReloader
INFO D:\project\project\product\views.py changed, reloading.
INFO Watching for file changes with StatReloader
INFO D:\project\project\product\urls.py changed, reloading.
INFO Watching for file changes with StatReloader
INFO D:\project\project\product\urls.py changed, reloading.
INFO Watching for file changes with StatReloader
INFO D:\project\project\product\urls.py changed, reloading.
INFO Watching for file changes with StatReloader
INFO D:\project\project\product\urls.py changed, reloading.
INFO Watching for file changes with StatReloader
INFO D:\project\project\product\urls.py changed, reloading.
INFO Watching for file changes with StatReloader
INFO D:\project\project\product\urls.py changed, reloading.
INFO Watching for file changes with StatReloader
INFO D:\project\project\product\urls.py changed, reloading.
INFO Watching for file changes with StatReloader
INFO D:\project\project\product\urls.py changed, reloading.
INFO Watching for file changes with StatReloader
INFO Watching for file changes with StatReloader
WARNING Not Found: /favicon.ico
WARNING Not Found: /payu_webhook
INFO Watching for file changes with StatReloader
INFO Order details | user=pradeep | product=Chocolate cake | quantity=1 | delivery_date=2026-12-01 | message=just21
INFO Order created | order_id=42 | txnid=TXN07ECB079-E9C | product=Chocolate cake | amount=700.00 | user_id=17 | username=pradeep | email=pradeep12@gmail.com
INFO Payment callback received
INFO Payment SUCCESS saved for order_id=42, txnid=TXN07ECB079-E9C
INFO D:\project\project\product\views.py changed, reloading.
INFO Watching for file changes with StatReloader
INFO Watching for file changes with StatReloader
INFO Order details | user=pradeep | product=Sizzling Brownie | quantity=1 | delivery_date=2026-01-01 | message=nooo
INFO Order created | order_id=43 | txnid=TXN6276264C-48B | product=Sizzling Brownie | amount=345.00 | user_id=17 | username=pradeep | email=pradeep12@gmail.com
INFO Payment callback received
INFO Payment SUCCESS saved for order_id=43, txnid=TXN6276264C-48B
INFO D:\project\project\product\views.py changed, reloading.
INFO Watching for file changes with StatReloader
INFO D:\project\project\product\views.py changed, reloading.
INFO Watching for file changes with StatReloader
INFO D:\project\project\product\views.py changed, reloading.
INFO Watching for file changes with StatReloader
INFO D:\project\project\product\views.py changed, reloading.
INFO Watching for file changes with StatReloader
INFO D:\project\project\product\views.py changed, reloading.
INFO Watching for file changes with StatReloader
INFO D:\project\project\product\views.py changed, reloading.
INFO Watching for file changes with StatReloader
INFO D:\project\project\product\views.py changed, reloading.
INFO Watching for file changes with StatReloader
INFO D:\project\project\product\views.py changed, reloading.
INFO Watching for file changes with StatReloader
INFO D:\project\project\product\views.py changed, reloading.
INFO Watching for file changes with StatReloader
INFO D:\project\project\product\views.py changed, reloading.
INFO Watching for file changes with StatReloader
INFO D:\project\project\product\views.py changed, reloading.
INFO Watching for file changes with StatReloader
INFO D:\project\project\product\views.py changed, reloading.
INFO Watching for file changes with StatReloader
INFO D:\project\project\product\views.py changed, reloading.
INFO Watching for file changes with StatReloader
INFO D:\project\project\product\views.py changed, reloading.
INFO Watching for file changes with StatReloader
INFO D:\project\project\product\views.py changed, reloading.
INFO Watching for file changes with StatReloader
INFO D:\project\project\product\views.py changed, reloading.
INFO Watching for file changes with StatReloader
INFO Order details | user=pradeep | product=Double chocolate Cookie | quantity=1 | delivery_date=2025-12-08 | message=hku
INFO Order created | order_id=44 | txnid=TXNBA6DB13A-55C | product=Double chocolate Cookie | amount=456.00 | user_id=17 | username=pradeep | email=pradeep12@gmail.com
INFO Payment callback received
INFO Payment SUCCESS saved for order_id=44, txnid=TXNBA6DB13A-55C
INFO D:\project\project\product\views.py changed, reloading.
INFO Watching for file changes with StatReloader
INFO D:\project\project\product\views.py changed, reloading.
INFO Watching for file changes with StatReloader
INFO D:\project\project\product\views.py changed, reloading.
INFO Watching for file changes with StatReloader
INFO D:\project\project\product\views.py changed, reloading.
INFO Watching for file changes with StatReloader
INFO D:\project\project\product\views.py changed, reloading.
INFO Watching for file changes with StatReloader
INFO D:\project\project\product\views.py changed, reloading.
INFO Watching for file changes with StatReloader
INFO D:\project\project\product\views.py changed, reloading.
INFO Watching for file changes with StatReloader
INFO D:\project\project\product\views.py changed, reloading.
INFO Watching for file changes with StatReloader
INFO Order details | user=pradeep | product=Blondie | quantity=2 | delivery_date=2026-02-22 | message=21
INFO Order created | order_id=45 | txnid=TXNC8E49C81-DE9 | product=Blondie | amount=1578.00 | user_id=17 | username=pradeep | email=pradeep12@gmail.com
INFO Payment callback received
INFO Payment SUCCESS saved for order_id=45, txnid=TXNC8E49C81-DE9
INFO D:\project\project\product\views.py changed, reloading.
INFO Watching for file changes with StatReloader
INFO D:\project\project\product\views.py changed, reloading.
INFO Watching for file changes with StatReloader
INFO D:\project\project\product\views.py changed, reloading.
INFO Watching for file changes with StatReloader
INFO D:\project\project\product\views.py changed, reloading.
INFO Watching for file changes with StatReloader
INFO Watching for file changes with StatReloader
INFO Order details | user=pradeep | product=Sizzling Brownie | quantity=1 | delivery_date=2026-02-20 | message=hii
INFO Order created | order_id=46 | txnid=TXND20F4EBD-9DC | product=Sizzling Brownie | amount=345.00 | user_id=17 | username=pradeep | email=pradeep12@gmail.com
INFO Payment callback received
INFO Payment SUCCESS saved for order_id=46, txnid=TXND20F4EBD-9DC
INFO D:\project\project\product\views.py changed, reloading.
INFO Watching for file changes with StatReloader
INFO Order details | user=pradeep | product=Red Velvet Brownie | quantity=1 | delivery_date=2026-02-02 | message=one
INFO Order created | order_id=47 | txnid=TXN11182036-113 | product=Red Velvet Brownie | amount=700.00 | user_id=17 | username=pradeep | email=pradeep12@gmail.com
INFO Payment callback received
INFO Payment SUCCESS saved for order_id=47, txnid=TXN11182036-113
INFO D:\project\project\product\views.py changed, reloading.
INFO Watching for file changes with StatReloader
INFO D:\project\project\product\views.py changed, reloading.
INFO Watching for file changes with StatReloader
INFO D:\project\project\product\views.py changed, reloading.
INFO Watching for file changes with StatReloader
INFO D:\project\project\product\views.py changed, reloading.
INFO Watching for file changes with StatReloader
INFO D:\project\project\product\views.py changed, reloading.
INFO Watching for file changes with StatReloader
INFO D:\project\project\product\views.py changed, reloading.
INFO Watching for file changes with StatReloader
INFO D:\project\project\product\views.py changed, reloading.
INFO Watching for file changes with StatReloader
INFO D:\project\project\product\views.py changed, reloading.
INFO Watching for file changes with StatReloader
INFO D:\project\project\product\views.py changed, reloading.
INFO Watching for file changes with StatReloader
INFO D:\project\project\product\views.py changed, reloading.
INFO Watching for file changes with StatReloader
INFO D:\project\project\product\views.py changed, reloading.
INFO Watching for file changes with StatReloader
INFO D:\project\project\product\views.py changed, reloading.
INFO Watching for file changes with StatReloader
INFO D:\project\project\product\views.py changed, reloading.
INFO Watching for file changes with StatReloader
INFO D:\project\project\product\views.py changed, reloading.
INFO Watching for file changes with StatReloader
INFO D:\project\project\product\views.py changed, reloading.
INFO Watching for file changes with StatReloader
INFO D:\project\project\product\views.py changed, reloading.
INFO Watching for file changes with StatReloader
INFO D:\project\project\product\views.py changed, reloading.
INFO Watching for file changes with StatReloader
INFO D:\project\project\product\views.py changed, reloading.
INFO Watching for file changes with StatReloader
INFO D:\project\project\product\views.py changed, reloading.
INFO Watching for file changes with StatReloader
INFO D:\project\project\product\views.py changed, reloading.
INFO Watching for file changes with StatReloader
INFO D:\project\project\product\views.py changed, reloading.
INFO Watching for file changes with StatReloader
INFO D:\project\project\product\views.py changed, reloading.
INFO Watching for file changes with StatReloader
INFO D:\project\project\product\views.py changed, reloading.
INFO Watching for file changes with StatReloader
INFO D:\project\project\product\views.py changed, reloading.
INFO Watching for file changes with StatReloader
INFO D:\project\project\product\views.py changed, reloading.
INFO Watching for file changes with StatReloader
INFO D:\project\project\product\views.py changed, reloading.
INFO Watching for file changes with StatReloader
INFO D:\project\project\product\views.py changed, reloading.
INFO Watching for file changes with StatReloader
INFO D:\project\project\product\views.py changed, reloading.
INFO Watching for file changes with StatReloader
INFO D:\project\project\product\views.py changed, reloading.
INFO Watching for file changes with StatReloader
INFO D:\project\project\product\views.py changed, reloading.
INFO Watching for file changes with StatReloader
INFO D:\project\project\product\views.py changed, reloading.
INFO Watching for file changes with StatReloader
INFO D:\project\project\product\views.py changed, reloading.
INFO Watching for file changes with StatReloader
INFO D:\project\project\product\views.py changed, reloading.
INFO Watching for file changes with StatReloader
INFO D:\project\project\product\views.py changed, reloading.
INFO Watching for file changes with StatReloader
INFO D:\project\project\product\views.py changed, reloading.
INFO Watching for file changes with StatReloader
INFO D:\project\project\product\views.py changed, reloading.
INFO Watching for file changes with StatReloader
INFO D:\project\project\product\views.py changed, reloading.
INFO Watching for file changes with StatReloader
INFO D:\project\project\product\views.py changed, reloading.
INFO Watching for file changes with StatReloader
INFO D:\project\project\product\views.py changed, reloading.
INFO Watching for file changes with StatReloader
INFO D:\project\project\product\views.py changed, reloading.
INFO Watching for file changes with StatReloader
INFO D:\project\project\product\views.py changed, reloading.
INFO Watching for file changes with StatReloader
INFO D:\project\project\product\views.py changed, reloading.
INFO Watching for file changes with StatReloader
INFO D:\project\project\product\views.py changed, reloading.
INFO Watching for file changes with StatReloader
INFO D:\project\project\product\views.py changed, reloading.
INFO Watching for file changes with StatReloader
INFO D:\project\project\product\views.py changed, reloading.
INFO Watching for file changes with StatReloader
INFO D:\project\project\product\views.py changed, reloading.
INFO Watching for file changes with StatReloader
INFO D:\project\project\product\views.py changed, reloading.
INFO Watching for file changes with StatReloader
INFO D:\project\project\product\views.py changed, reloading.
INFO Watching for file changes with StatReloader
INFO D:\project\project\product\views.py changed, reloading.
INFO Watching for file changes with StatReloader
INFO D:\project\project\product\views.py changed, reloading.
INFO Watching for file changes with StatReloader
INFO D:\project\project\product\views.py changed, reloading.
INFO Watching for file changes with StatReloader
INFO D:\project\project\product\views.py changed, reloading.
INFO Watching for file changes with StatReloader
INFO D:\project\project\product\views.py changed, reloading.
INFO Watching for file changes with StatReloader
INFO D:\project\project\product\views.py changed, reloading.
INFO Watching for file changes with StatReloader
INFO D:\project\project\product\views.py changed, reloading.
INFO Watching for file changes with StatReloader
INFO D:\project\project\product\views.py changed, reloading.
INFO Watching for file changes with StatReloader
INFO D:\project\project\product\views.py changed, reloading.
INFO Watching for file changes with StatReloader
INFO D:\project\project\product\views.py changed, reloading.
INFO Watching for file changes with StatReloader
INFO D:\project\project\product\views.py changed, reloading.
INFO Watching for file changes with StatReloader
INFO D:\project\project\product\views.py changed, reloading.
INFO Watching for file changes with StatReloader
INFO D:\project\project\product\views.py changed, reloading.
INFO Watching for file changes with StatReloader
INFO D:\project\project\product\views.py changed, reloading.
INFO Watching for file changes with StatReloader
INFO D:\project\project\product\views.py changed, reloading.
INFO Watching for file changes with StatReloader
INFO D:\project\project\product\views.py changed, reloading.
INFO Watching for file changes with StatReloader
INFO D:\project\project\product\views.py changed, reloading.
INFO Watching for file changes with StatReloader
INFO D:\project\project\product\views.py changed, reloading.
INFO Watching for file changes with StatReloader
INFO D:\project\project\product\views.py changed, reloading.
INFO Watching for file changes with StatReloader
INFO D:\project\project\product\views.py changed, reloading.
INFO Watching for file changes with StatReloader
INFO D:\project\project\product\views.py changed, reloading.
INFO Watching for file changes with StatReloader
INFO D:\project\project\product\views.py changed, reloading.
INFO Watching for file changes with StatReloader
INFO D:\project\project\product\views.py changed, reloading.
INFO Watching for file changes with StatReloader
INFO D:\project\project\product\views.py changed, reloading.
INFO Watching for file changes with StatReloader
INFO D:\project\project\product\views.py changed, reloading.
INFO Watching for file changes with StatReloader
INFO D:\project\project\product\views.py changed, reloading.
INFO Watching for file changes with StatReloader
INFO D:\project\project\product\views.py changed, reloading.
INFO Watching for file changes with StatReloader
INFO D:\project\project\product\views.py changed, reloading.
INFO Watching for file changes with StatReloader
INFO D:\project\project\product\views.py changed, reloading.
INFO Watching for file changes with StatReloader
INFO D:\project\project\product\views.py changed, reloading.
INFO Watching for file changes with StatReloader
INFO D:\project\project\product\views.py changed, reloading.
INFO Watching for file changes with StatReloader
INFO D:\project\project\product\views.py changed, reloading.
INFO Watching for file changes with StatReloader
INFO D:\project\project\product\views.py changed, reloading.
INFO Watching for file changes with StatReloader
INFO D:\project\project\product\views.py changed, reloading.
INFO Watching for file changes with StatReloader
INFO D:\project\project\product\views.py changed, reloading.
INFO Watching for file changes with StatReloader
INFO D:\project\project\product\views.py changed, reloading.
INFO Watching for file changes with StatReloader
INFO D:\project\project\product\views.py changed, reloading.
INFO Watching for file changes with StatReloader
INFO D:\project\project\product\views.py changed, reloading.
INFO Watching for file changes with StatReloader
INFO D:\project\project\product\views.py changed, reloading.
INFO Watching for file changes with StatReloader
INFO D:\project\project\product\views.py changed, reloading.
INFO Watching for file changes with StatReloader
INFO D:\project\project\product\views.py changed, reloading.
INFO Watching for file changes with StatReloader
INFO D:\project\project\product\views.py changed, reloading.
INFO Watching for file changes with StatReloader
INFO D:\project\project\product\views.py changed, reloading.
INFO Watching for file changes with StatReloader
INFO D:\project\project\product\views.py changed, reloading.
INFO Watching for file changes with StatReloader
INFO D:\project\project\product\views.py changed, reloading.
INFO Watching for file changes with StatReloader
INFO D:\project\project\product\views.py changed, reloading.
INFO Watching for file changes with StatReloader
INFO D:\project\project\product\views.py changed, reloading.
INFO Watching for file changes with StatReloader
INFO D:\project\project\product\views.py changed, reloading.
INFO Watching for file changes with StatReloader
INFO D:\project\project\product\views.py changed, reloading.
INFO Watching for file changes with StatReloader
INFO D:\project\project\product\views.py changed, reloading.
INFO Watching for file changes with StatReloader
INFO D:\project\project\product\views.py changed, reloading.
INFO Watching for file changes with StatReloader
INFO D:\project\project\product\views.py changed, reloading.
INFO Watching for file changes with StatReloader
INFO D:\project\project\product\views.py changed, reloading.
INFO Watching for file changes with StatReloader
INFO D:\project\project\product\views.py changed, reloading.
INFO Watching for file changes with StatReloader
INFO D:\project\project\product\views.py changed, reloading.
INFO Watching for file changes with StatReloader
INFO D:\project\project\product\views.py changed, reloading.
INFO Watching for file changes with StatReloader
INFO D:\project\project\product\views.py changed, reloading.
INFO Watching for file changes with StatReloader
INFO D:\project\project\product\views.py changed, reloading.
INFO Watching for file changes with StatReloader
INFO D:\project\project\product\views.py changed, reloading.
INFO Watching for file changes with StatReloader
INFO D:\project\project\product\views.py changed, reloading.
INFO Watching for file changes with StatReloader
INFO D:\project\project\product\views.py changed, reloading.
INFO Watching for file changes with StatReloader
INFO D:\project\project\product\views.py changed, reloading.
INFO Watching for file changes with StatReloader
INFO Order details | user=pradeep | product=Blondie | quantity=1 | delivery_date=2026-03-01 | message=hooo
INFO Order created | order_id=48 | txnid=TXN39262A52-9C7 | product=Blondie | amount=789.00 | user_id=17 | username=pradeep | email=pradeep12@gmail.com
WARNING Forbidden (Origin checking failed - null does not match any trusted origins.): /payment/success/
INFO D:\project\project\product\views.py changed, reloading.
INFO Watching for file changes with StatReloader
INFO D:\project\project\product\views.py changed, reloading.
INFO Watching for file changes with StatReloader
INFO Order details | user=pradeep | product=Black forest | quantity=1 | delivery_date=2026-02-01 | message=asasf
INFO Order created | order_id=49 | txnid=TXN019F5138-C9A | product=Black forest | amount=600.00 | user_id=17 | username=pradeep | email=pradeep12@gmail.com
INFO D:\project\project\product\views.py changed, reloading.
INFO Watching for file changes with StatReloader
INFO D:\project\project\product\views.py changed, reloading.
INFO Watching for file changes with StatReloader
INFO Order details | user=pradeep | product=Strawberry cake | quantity=2 | delivery_date=3033-03-02 | message=gt
INFO Order created | order_id=50 | txnid=TXN79902481-C55 | product=Strawberry cake | amount=1100.00 | user_id=17 | username=pradeep | email=pradeep12@gmail.com
WARNING Not Found: /payment/payu/webhook/\n
INFO D:\project\project\product\views.py changed, reloading.
INFO Watching for file changes with StatReloader
WARNING Not Found: /payment/payu/webhook/\n
WARNING Not Found: /payment/payu/webhook/\n
INFO Watching for file changes with StatReloader
INFO Order details | user=pradeep | product=Red Velvet | quantity=1 | delivery_date=0206-02-02 | message=sadaSD
INFO Order created | order_id=51 | txnid=TXND5A29D57-A10 | product=Red Velvet | amount=900.00 | user_id=17 | username=pradeep | email=pradeep12@gmail.com
WARNING Not Found: /payment/payu/webhook/\n
WARNING Not Found: /payment/payu/webhook/\n
WARNING Not Found: /payment/payu/webhook/
WARNING Not Found: /payment/payu/webhook/
WARNING Not Found: /payment/payu/webhook/
INFO D:\project\project\product\urls.py changed, reloading.
INFO Watching for file changes with StatReloader
INFO post reached
WARNING Hash verified mismatch
WARNING Bad Request: /payment/payu/webhook/
INFO post reached
WARNING Hash verified mismatch
WARNING Bad Request: /payment/payu/webhook/
INFO post reached
WARNING Hash verified mismatch
WARNING Bad Request: /payment/payu/webhook/
INFO Watching for file changes with StatReloader
INFO Order details | user=pradeep | product=Black forest | quantity=1 | delivery_date=2026-02-01 | message=hii
INFO Order created | order_id=52 | txnid=TXNED09E3DF-695 | product=Black forest | amount=600.00 | user_id=17 | username=pradeep | email=pradeep12@gmail.com
INFO post reached
WARNING Hash verified mismatch
WARNING Bad Request: /payment/payu/webhook/
INFO D:\project\project\product\views.py changed, reloading.
INFO Watching for file changes with StatReloader
INFO D:\project\project\product\views.py changed, reloading.
INFO Watching for file changes with StatReloader
INFO D:\project\project\product\views.py changed, reloading.
INFO Watching for file changes with StatReloader
INFO D:\project\project\product\views.py changed, reloading.
INFO Watching for file changes with StatReloader
INFO Watching for file changes with StatReloader
INFO post reached
ERROR Internal Server Error: /payment/payu/webhook/
Traceback (most recent call last):
  File "D:\project\project\env\Lib\site-packages\django\core\handlers\exception.py", line 55, in inner
    response = get_response(request)
  File "D:\project\project\env\Lib\site-packages\django\core\handlers\base.py", line 198, in _get_response
    response = wrapped_callback(request, *callback_args, **callback_kwargs)
  File "D:\project\project\env\Lib\site-packages\django\views\decorators\csrf.py", line 65, in _view_wrapper
    return view_func(request, *args, **kwargs)
  File "D:\project\project\product\views.py", line 233, in payu_webhook
    hash_string = f"{SALT}|{status}|||||||||{amount}|{txnid}|{KEY}"
                            ^^^^^^
NameError: name 'status' is not defined
INFO D:\project\project\product\views.py changed, reloading.
INFO Watching for file changes with StatReloader
INFO D:\project\project\product\views.py changed, reloading.
INFO Watching for file changes with StatReloader
INFO D:\project\project\product\views.py changed, reloading.
INFO Watching for file changes with StatReloader
INFO D:\project\project\product\views.py changed, reloading.
INFO Watching for file changes with StatReloader
INFO D:\project\project\product\views.py changed, reloading.
INFO Watching for file changes with StatReloader
INFO post reached
ERROR Internal Server Error: /payment/payu/webhook/
Traceback (most recent call last):
  File "D:\project\project\env\Lib\site-packages\django\core\handlers\exception.py", line 55, in inner
    response = get_response(request)
  File "D:\project\project\env\Lib\site-packages\django\core\handlers\base.py", line 198, in _get_response
    response = wrapped_callback(request, *callback_args, **callback_kwargs)
  File "D:\project\project\env\Lib\site-packages\django\views\decorators\csrf.py", line 65, in _view_wrapper
    return view_func(request, *args, **kwargs)
  File "D:\project\project\product\views.py", line 233, in payu_webhook
    hash_string = f"{SALT}|{status}|||||||||{amount}|{txnid}|{KEY}"
                            ^^^^^^
UnboundLocalError: cannot access local variable 'status' where it is not associated with a value
INFO D:\project\project\product\views.py changed, reloading.
INFO Watching for file changes with StatReloader
INFO D:\project\project\product\views.py changed, reloading.
INFO Watching for file changes with StatReloader
INFO D:\project\project\product\views.py changed, reloading.
INFO Watching for file changes with StatReloader
INFO D:\project\project\product\views.py changed, reloading.
INFO Watching for file changes with StatReloader
INFO D:\project\project\product\views.py changed, reloading.
INFO Watching for file changes with StatReloader
INFO D:\project\project\product\views.py changed, reloading.
INFO Watching for file changes with StatReloader
INFO D:\project\project\product\views.py changed, reloading.
INFO Watching for file changes with StatReloader
INFO D:\project\project\product\views.py changed, reloading.
INFO Watching for file changes with StatReloader
INFO post reached
ERROR Internal Server Error: /payment/payu/webhook/
Traceback (most recent call last):
  File "D:\project\project\env\Lib\site-packages\django\core\handlers\exception.py", line 55, in inner
    response = get_response(request)
  File "D:\project\project\env\Lib\site-packages\django\core\handlers\base.py", line 198, in _get_response
    response = wrapped_callback(request, *callback_args, **callback_kwargs)
  File "D:\project\project\env\Lib\site-packages\django\views\decorators\csrf.py", line 65, in _view_wrapper
    return view_func(request, *args, **kwargs)
  File "D:\project\project\product\views.py", line 233, in payu_webhook
    hash_string = f"{SALT}|{status}|||||||||{amount}|{txnid}|{KEY}"
                            ^^^^^^
NameError: name 'status' is not defined
INFO post reached
ERROR Internal Server Error: /payment/payu/webhook/
Traceback (most recent call last):
  File "D:\project\project\env\Lib\site-packages\django\core\handlers\exception.py", line 55, in inner
    response = get_response(request)
  File "D:\project\project\env\Lib\site-packages\django\core\handlers\base.py", line 198, in _get_response
    response = wrapped_callback(request, *callback_args, **callback_kwargs)
  File "D:\project\project\env\Lib\site-packages\django\views\decorators\csrf.py", line 65, in _view_wrapper
    return view_func(request, *args, **kwargs)
  File "D:\project\project\product\views.py", line 233, in payu_webhook
    hash_string = f"{SALT}|{status}|||||||||{amount}|{txnid}|{KEY}"
                            ^^^^^^
NameError: name 'status' is not defined
INFO D:\project\project\product\views.py changed, reloading.
INFO Watching for file changes with StatReloader
INFO D:\project\project\product\views.py changed, reloading.
INFO Watching for file changes with StatReloader
INFO D:\project\project\product\views.py changed, reloading.
INFO Watching for file changes with StatReloader
INFO D:\project\project\product\views.py changed, reloading.
INFO Watching for file changes with StatReloader
INFO D:\project\project\product\views.py changed, reloading.
INFO Watching for file changes with StatReloader
INFO D:\project\project\product\views.py changed, reloading.
INFO Watching for file changes with StatReloader
INFO D:\project\project\product\views.py changed, reloading.
INFO Watching for file changes with StatReloader
INFO D:\project\project\product\views.py changed, reloading.
INFO Watching for file changes with StatReloader
INFO D:\project\project\product\views.py changed, reloading.
INFO Watching for file changes with StatReloader
INFO D:\project\project\product\views.py changed, reloading.
INFO Watching for file changes with StatReloader
INFO post reached
INFO order updated through webhook|order_id=52
INFO D:\project\project\product\views.py changed, reloading.
INFO Watching for file changes with StatReloader
INFO D:\project\project\product\views.py changed, reloading.
INFO Watching for file changes with StatReloader
INFO D:\project\project\product\views.py changed, reloading.
INFO Watching for file changes with StatReloader
INFO D:\project\project\product\views.py changed, reloading.
INFO Watching for file changes with StatReloader
INFO D:\project\project\product\views.py changed, reloading.
INFO Watching for file changes with StatReloader
INFO D:\project\project\product\views.py changed, reloading.
INFO Watching for file changes with StatReloader
INFO D:\project\project\product\views.py changed, reloading.
INFO Watching for file changes with StatReloader
INFO post reached
WARNING Hash verified mismatch
WARNING Bad Request: /payment/payu/webhook/
INFO post reached
INFO order updated through webhook|order_id=52
INFO post reached
WARNING Hash verified mismatch
WARNING Bad Request: /payment/payu/webhook/
INFO post reached
INFO order updated through webhook|order_id=52
INFO Watching for file changes with StatReloader
INFO post reached
WARNING Hash verified mismatch
WARNING Bad Request: /payment/payu/webhook/
INFO post reached
WARNING Hash verified mismatch
WARNING Bad Request: /payment/payu/webhook/
INFO post reached
WARNING Hash verified mismatch
WARNING Bad Request: /payment/payu/webhook/
INFO post reached
WARNING Hash verified mismatch
WARNING Bad Request: /payment/payu/webhook/
INFO Watching for file changes with StatReloader
WARNING Not Found: /favicon.ico
INFO Order details | user=pradeep | product=Black forest | quantity=1 | delivery_date=2020-01-01 | message=asdASDaxcsdcas
INFO Order created | order_id=53 | txnid=TXN9888A179-128 | product=Black forest | amount=600.00 | user_id=17 | username=pradeep | email=pradeep12@gmail.com
INFO D:\project\project\product\views.py changed, reloading.
INFO Watching for file changes with StatReloader
INFO D:\project\project\product\views.py changed, reloading.
INFO Watching for file changes with StatReloader
INFO D:\project\project\product\views.py changed, reloading.
INFO Watching for file changes with StatReloader
INFO D:\project\project\product\views.py changed, reloading.
INFO Watching for file changes with StatReloader
INFO D:\project\project\product\views.py changed, reloading.
INFO Watching for file changes with StatReloader
INFO D:\project\project\product\views.py changed, reloading.
INFO Watching for file changes with StatReloader
INFO D:\project\project\product\views.py changed, reloading.
INFO Watching for file changes with StatReloader
INFO post reached
INFO hash:fd8c5c98dba4c0240f228d4ea917dc7d7a73c52916f8135729423637740dfe39744dd2493770942ecf0e37c59b908ce9b54199c0ca434fe9006c6603359ee5b6
WARNING Hash verified mismatch
WARNING Bad Request: /payment/payu/webhook/
INFO post reached
INFO hash:fd8c5c98dba4c0240f228d4ea917dc7d7a73c52916f8135729423637740dfe39744dd2493770942ecf0e37c59b908ce9b54199c0ca434fe9006c6603359ee5b6
WARNING Hash verified mismatch
WARNING Bad Request: /payment/payu/webhook/
INFO post reached
INFO hash:fd8c5c98dba4c0240f228d4ea917dc7d7a73c52916f8135729423637740dfe39744dd2493770942ecf0e37c59b908ce9b54199c0ca434fe9006c6603359ee5b6
WARNING Hash verified mismatch
WARNING Bad Request: /payment/payu/webhook/
INFO post reached
INFO hash:d90e83943f08dca0d3f3f2f6b672fa754b1ed8d026cf2a0b82b0f0b7414f62a89a3980fc090514a523dfc899974ee0643b1215117cd440e8de5d4c4c61eba070
WARNING Hash verified mismatch
WARNING Bad Request: /payment/payu/webhook/
INFO Watching for file changes with StatReloader
INFO Order details | user=pradeep | product=Strawberry cake | quantity=2 | delivery_date=2026-02-01 | message=ScZXC
INFO Order created | order_id=54 | txnid=TXN6BA74A13-0D8 | product=Strawberry cake | amount=1100.00 | user_id=17 | username=pradeep | email=pradeep12@gmail.com
INFO post reached
INFO hash:26ff33d0deeed5c6351b7051363a4bf2091b50442b3d082d924effeea5ef42a1112878d619024ab2d1b76cc30678b0616a4c7aeff4c2cc98e5cbcbbf1b690565
WARNING Hash verified mismatch
WARNING Bad Request: /payment/payu/webhook/
INFO post reached
INFO hash:26ff33d0deeed5c6351b7051363a4bf2091b50442b3d082d924effeea5ef42a1112878d619024ab2d1b76cc30678b0616a4c7aeff4c2cc98e5cbcbbf1b690565
WARNING Hash verified mismatch
WARNING Bad Request: /payment/payu/webhook/
INFO D:\project\project\product\views.py changed, reloading.
INFO Watching for file changes with StatReloader
INFO D:\project\project\product\views.py changed, reloading.
INFO Watching for file changes with StatReloader
INFO post reached
ERROR Internal Server Error: /payment/payu/webhook/
Traceback (most recent call last):
  File "D:\project\project\env\Lib\site-packages\django\core\handlers\exception.py", line 55, in inner
    response = get_response(request)
  File "D:\project\project\env\Lib\site-packages\django\core\handlers\base.py", line 198, in _get_response
    response = wrapped_callback(request, *callback_args, **callback_kwargs)
  File "D:\project\project\env\Lib\site-packages\django\views\decorators\csrf.py", line 65, in _view_wrapper
    return view_func(request, *args, **kwargs)
  File "D:\project\project\product\views.py", line 226, in payu_webhook
    amount = "{:.2f}".format(float(amount))
                                   ^^^^^^
UnboundLocalError: cannot access local variable 'amount' where it is not associated with a value
INFO post reached
ERROR Internal Server Error: /payment/payu/webhook/
Traceback (most recent call last):
  File "D:\project\project\env\Lib\site-packages\django\core\handlers\exception.py", line 55, in inner
    response = get_response(request)
  File "D:\project\project\env\Lib\site-packages\django\core\handlers\base.py", line 198, in _get_response
    response = wrapped_callback(request, *callback_args, **callback_kwargs)
  File "D:\project\project\env\Lib\site-packages\django\views\decorators\csrf.py", line 65, in _view_wrapper
    return view_func(request, *args, **kwargs)
  File "D:\project\project\product\views.py", line 226, in payu_webhook
    amount = "{:.2f}".format(float(amount))
                                   ^^^^^^
UnboundLocalError: cannot access local variable 'amount' where it is not associated with a value
INFO D:\project\project\product\views.py changed, reloading.
INFO Watching for file changes with StatReloader
INFO D:\project\project\product\views.py changed, reloading.
INFO Watching for file changes with StatReloader
INFO D:\project\project\product\views.py changed, reloading.
INFO Watching for file changes with StatReloader
INFO D:\project\project\product\views.py changed, reloading.
INFO Watching for file changes with StatReloader
INFO D:\project\project\product\views.py changed, reloading.
INFO Watching for file changes with StatReloader
INFO D:\project\project\product\views.py changed, reloading.
INFO Watching for file changes with StatReloader
INFO post reached
INFO hash:26ff33d0deeed5c6351b7051363a4bf2091b50442b3d082d924effeea5ef42a1112878d619024ab2d1b76cc30678b0616a4c7aeff4c2cc98e5cbcbbf1b690565
WARNING Hash verified mismatch
WARNING Bad Request: /payment/payu/webhook/
INFO D:\project\project\product\views.py changed, reloading.
INFO Watching for file changes with StatReloader
INFO D:\project\project\product\views.py changed, reloading.
INFO Watching for file changes with StatReloader
INFO D:\project\project\product\views.py changed, reloading.
INFO Watching for file changes with StatReloader
INFO D:\project\project\product\views.py changed, reloading.
INFO Watching for file changes with StatReloader
INFO D:\project\project\product\views.py changed, reloading.
INFO Watching for file changes with StatReloader
INFO Order details | user=pradeep | product=Strawberry cake | quantity=1 | delivery_date=2026-03-01 | message=jj
INFO Order created | order_id=55 | txnid=TXN4FA89F67-A85 | product=Strawberry cake | amount=550.00 | user_id=17 | username=pradeep | email=pradeep12@gmail.com
INFO post reached
INFO hash:644a7f60578431dcf351e974062f5c27327f6e976d83d55694e6380df7dfeeaa625d0d4c3696ab7164519299d250f6c5b4fd21137f35ef71da66db374620dbfa
WARNING Hash verified mismatch
WARNING Bad Request: /payment/payu/webhook/
INFO post reached
INFO hash:644a7f60578431dcf351e974062f5c27327f6e976d83d55694e6380df7dfeeaa625d0d4c3696ab7164519299d250f6c5b4fd21137f35ef71da66db374620dbfa
WARNING Hash verified mismatch
WARNING Bad Request: /payment/payu/webhook/
INFO post reached
INFO hash:644a7f60578431dcf351e974062f5c27327f6e976d83d55694e6380df7dfeeaa625d0d4c3696ab7164519299d250f6c5b4fd21137f35ef71da66db374620dbfa
WARNING Hash verified mismatch
WARNING Bad Request: /payment/payu/webhook/
INFO D:\project\project\product\views.py changed, reloading.
INFO Watching for file changes with StatReloader
INFO D:\project\project\product\views.py changed, reloading.
INFO Watching for file changes with StatReloader
INFO post reached
INFO hash:644a7f60578431dcf351e974062f5c27327f6e976d83d55694e6380df7dfeeaa625d0d4c3696ab7164519299d250f6c5b4fd21137f35ef71da66db374620dbfa
INFO hash_string=[abDMOCZUDm1MDTtYfeWl9hKHPcVC6s9J|success|||||||||550.00|TXN4FA89F67-A85|021DSy]
INFO calculated_hash=[644a7f60578431dcf351e974062f5c27327f6e976d83d55694e6380df7dfeeaa625d0d4c3696ab7164519299d250f6c5b4fd21137f35ef71da66db374620dbfa]
INFO received_hash=[644a7f60578431dcf351e974062f5c27327f6e976d83d55694e6380df7dfeeaa625d0d4c3696ab7164519299d250f6c5b4fd21137f35ef71da66db374620dbfa
]
WARNING Hash verified mismatch
WARNING Bad Request: /payment/payu/webhook/
INFO post reached
WARNING Missing webhook fields
WARNING Bad Request: /payment/payu/webhook/
INFO post reached
INFO hash:644a7f60578431dcf351e974062f5c27327f6e976d83d55694e6380df7dfeeaa625d0d4c3696ab7164519299d250f6c5b4fd21137f35ef71da66db374620dbfa
INFO hash_string=[abDMOCZUDm1MDTtYfeWl9hKHPcVC6s9J|success|||||||||550.00|TXN4FA89F67-A85|021DSy]
INFO calculated_hash=[644a7f60578431dcf351e974062f5c27327f6e976d83d55694e6380df7dfeeaa625d0d4c3696ab7164519299d250f6c5b4fd21137f35ef71da66db374620dbfa]
INFO received_hash=[644a7f60578431dcf351e974062f5c27327f6e976d83d55694e6380df7dfeeaa625d0d4c3696ab7164519299d250f6c5b4fd21137f35ef71da66db374620dbfa]
INFO order updated through webhook|order_id=55
INFO Watching for file changes with StatReloader
INFO D:\project\project\product\admin.py changed, reloading.
INFO Watching for file changes with StatReloader
INFO D:\project\project\product\admin.py changed, reloading.
INFO Watching for file changes with StatReloader
INFO D:\project\project\product\admin.py changed, reloading.
INFO Watching for file changes with StatReloader
INFO D:\project\project\product\admin.py changed, reloading.
INFO Watching for file changes with StatReloader
INFO D:\project\project\product\admin.py changed, reloading.
INFO Watching for file changes with StatReloader
INFO D:\project\project\product\admin.py changed, reloading.
INFO Watching for file changes with StatReloader
INFO D:\project\project\product\admin.py changed, reloading.
INFO Watching for file changes with StatReloader
INFO D:\project\project\product\admin.py changed, reloading.
INFO Watching for file changes with StatReloader
INFO Watching for file changes with StatReloader
INFO D:\project\project\product\admin.py changed, reloading.
INFO Watching for file changes with StatReloader
INFO D:\project\project\product\admin.py changed, reloading.
INFO Watching for file changes with StatReloader
INFO Watching for file changes with StatReloader
WARNING Not Found: /favicon.ico
INFO Watching for file changes with StatReloader
WARNING Not Found: /favicon.ico
INFO D:\project\project\product\views.py changed, reloading.
INFO Watching for file changes with StatReloader
INFO D:\project\project\product\views.py changed, reloading.
INFO Watching for file changes with StatReloader
INFO D:\project\project\product\views.py changed, reloading.
INFO Watching for file changes with StatReloader
INFO D:\project\project\product\views.py changed, reloading.
INFO Watching for file changes with StatReloader
INFO D:\project\project\product\views.py changed, reloading.
INFO Watching for file changes with StatReloader
INFO D:\project\project\product\views.py changed, reloading.
INFO Watching for file changes with StatReloader
INFO D:\project\project\product\views.py changed, reloading.
INFO Watching for file changes with StatReloader
INFO D:\project\project\product\views.py changed, reloading.
INFO Watching for file changes with StatReloader
INFO D:\project\project\product\views.py changed, reloading.
INFO Watching for file changes with StatReloader
INFO D:\project\project\product\views.py changed, reloading.
INFO Watching for file changes with StatReloader
INFO D:\project\project\product\views.py changed, reloading.
INFO Watching for file changes with StatReloader
INFO D:\project\project\product\views.py changed, reloading.
INFO Watching for file changes with StatReloader
INFO D:\project\project\product\views.py changed, reloading.
INFO Watching for file changes with StatReloader
INFO D:\project\project\product\views.py changed, reloading.
INFO Watching for file changes with StatReloader
INFO D:\project\project\product\views.py changed, reloading.
INFO Watching for file changes with StatReloader
INFO D:\project\project\product\views.py changed, reloading.
INFO Watching for file changes with StatReloader
INFO D:\project\project\product\views.py changed, reloading.
INFO Watching for file changes with StatReloader
INFO D:\project\project\product\views.py changed, reloading.
INFO Watching for file changes with StatReloader
INFO D:\project\project\product\views.py changed, reloading.
INFO Watching for file changes with StatReloader
INFO D:\project\project\product\views.py changed, reloading.
INFO Watching for file changes with StatReloader
INFO D:\project\project\product\views.py changed, reloading.
INFO Watching for file changes with StatReloader
INFO D:\project\project\product\views.py changed, reloading.
INFO Watching for file changes with StatReloader
INFO D:\project\project\product\views.py changed, reloading.
INFO Watching for file changes with StatReloader
ERROR Internal Server Error: /products/
Traceback (most recent call last):
  File "D:\project\project\env\Lib\site-packages\django\core\handlers\exception.py", line 55, in inner
    response = get_response(request)
  File "D:\project\project\env\Lib\site-packages\django\core\handlers\base.py", line 198, in _get_response
    response = wrapped_callback(request, *callback_args, **callback_kwargs)
  File "D:\project\project\product\views.py", line 27, in products
    return render(request, 'product/products.html', {'products': products})
  File "D:\project\project\env\Lib\site-packages\django\shortcuts.py", line 25, in render
    content = loader.render_to_string(template_name, context, request, using=using)
  File "D:\project\project\env\Lib\site-packages\django\template\loader.py", line 61, in render_to_string
    template = get_template(template_name, using=using)
  File "D:\project\project\env\Lib\site-packages\django\template\loader.py", line 19, in get_template
    raise TemplateDoesNotExist(template_name, chain=chain)
django.template.exceptions.TemplateDoesNotExist: product/products.html
INFO Watching for file changes with StatReloader
ERROR Internal Server Error: /
Traceback (most recent call last):
  File "D:\project\project\env\Lib\site-packages\django\core\handlers\exception.py", line 55, in inner
    response = get_response(request)
  File "D:\project\project\env\Lib\site-packages\django\core\handlers\base.py", line 198, in _get_response
    response = wrapped_callback(request, *callback_args, **callback_kwargs)
  File "D:\project\project\product\views.py", line 19, in home
    return render(request, 'product/home.html', {
        'categories': categories,
        'products': products
    })
  File "D:\project\project\env\Lib\site-packages\django\shortcuts.py", line 25, in render
    content = loader.render_to_string(template_name, context, request, using=using)
  File "D:\project\project\env\Lib\site-packages\django\template\loader.py", line 62, in render_to_string
    return template.render(context, request)
           ~~~~~~~~~~~~~~~^^^^^^^^^^^^^^^^^^
  File "D:\project\project\env\Lib\site-packages\django\template\backends\django.py", line 107, in render
    return self.template.render(context)
           ~~~~~~~~~~~~~~~~~~~~^^^^^^^^^
  File "D:\project\project\env\Lib\site-packages\django\template\base.py", line 174, in render
    return self._render(context)
           ~~~~~~~~~~~~^^^^^^^^^
  File "D:\project\project\env\Lib\site-packages\django\template\base.py", line 166, in _render
    return self.nodelist.render(context)
           ~~~~~~~~~~~~~~~~~~~~^^^^^^^^^
  File "D:\project\project\env\Lib\site-packages\django\template\base.py", line 1091, in render
    return SafeString("".join([node.render_annotated(context) for node in self]))
                               ~~~~~~~~~~~~~~~~~~~~~^^^^^^^^^
  File "D:\project\project\env\Lib\site-packages\django\template\base.py", line 1052, in render_annotated
    return self.render(context)
           ~~~~~~~~~~~^^^^^^^^^
  File "D:\project\project\env\Lib\site-packages\django\template\defaulttags.py", line 511, in render
    url = reverse(view_name, args=args, kwargs=kwargs, current_app=current_app)
  File "D:\project\project\env\Lib\site-packages\django\urls\base.py", line 98, in reverse
    resolved_url = resolver._reverse_with_prefix(view, prefix, *args, **kwargs)
  File "D:\project\project\env\Lib\site-packages\django\urls\resolvers.py", line 842, in _reverse_with_prefix
    raise NoReverseMatch(msg)
django.urls.exceptions.NoReverseMatch: Reverse for 'my_order' not found. 'my_order' is not a valid view function or pattern name.
INFO D:\project\project\product\urls.py changed, reloading.
INFO Watching for file changes with StatReloader
INFO D:\project\project\product\urls.py changed, reloading.
INFO Watching for file changes with StatReloader
INFO D:\project\project\product\urls.py changed, reloading.
INFO Watching for file changes with StatReloader
INFO D:\project\project\product\urls.py changed, reloading.
INFO Watching for file changes with StatReloader
INFO Watching for file changes with StatReloader
INFO Watching for file changes with StatReloader
INFO Watching for file changes with StatReloader
INFO Watching for file changes with StatReloader
INFO Watching for file changes with StatReloader
INFO Watching for file changes with StatReloader
INFO D:\project\project\product\views.py changed, reloading.
INFO Watching for file changes with StatReloader
INFO D:\project\project\product\views.py changed, reloading.
INFO Watching for file changes with StatReloader
INFO D:\project\project\product\views.py changed, reloading.
INFO Watching for file changes with StatReloader
INFO D:\project\project\product\views.py changed, reloading.
INFO Watching for file changes with StatReloader
INFO D:\project\project\product\views.py changed, reloading.
INFO Watching for file changes with StatReloader
INFO D:\project\project\product\views.py changed, reloading.
INFO Watching for file changes with StatReloader
INFO D:\project\project\product\views.py changed, reloading.
INFO Watching for file changes with StatReloader
INFO D:\project\project\product\views.py changed, reloading.
INFO Watching for file changes with StatReloader
INFO D:\project\project\product\views.py changed, reloading.
INFO Watching for file changes with StatReloader
INFO D:\project\project\product\views.py changed, reloading.
INFO Watching for file changes with StatReloader
INFO D:\project\project\product\views.py changed, reloading.
INFO Watching for file changes with StatReloader
INFO D:\project\project\product\views.py changed, reloading.
INFO Watching for file changes with StatReloader
INFO D:\project\project\product\views.py changed, reloading.
INFO Watching for file changes with StatReloader
INFO D:\project\project\product\views.py changed, reloading.
INFO Watching for file changes with StatReloader
INFO D:\project\project\product\views.py changed, reloading.
INFO Watching for file changes with StatReloader
INFO D:\project\project\product\views.py changed, reloading.
INFO Watching for file changes with StatReloader
INFO Watching for file changes with StatReloader
ERROR Internal Server Error: /my_order/
Traceback (most recent call last):
  File "D:\project\project\env\Lib\site-packages\django\template\smartif.py", line 181, in translate_token
    op = OPERATORS[token]
         ~~~~~~~~~^^^^^^^
KeyError: 'orders|length==0'

During handling of the above exception, another exception occurred:

Traceback (most recent call last):
  File "D:\project\project\env\Lib\site-packages\django\core\handlers\exception.py", line 55, in inner
    response = get_response(request)
  File "D:\project\project\env\Lib\site-packages\django\core\handlers\base.py", line 198, in _get_response
    response = wrapped_callback(request, *callback_args, **callback_kwargs)
  File "D:\project\project\product\views.py", line 288, in my_order
    return render(request,"product/my_order.html",{"orders":orders})
  File "D:\project\project\env\Lib\site-packages\django\shortcuts.py", line 25, in render
    content = loader.render_to_string(template_name, context, request, using=using)
  File "D:\project\project\env\Lib\site-packages\django\template\loader.py", line 61, in render_to_string
    template = get_template(template_name, using=using)
  File "D:\project\project\env\Lib\site-packages\django\template\loader.py", line 15, in get_template
    return engine.get_template(template_name)
           ~~~~~~~~~~~~~~~~~~~^^^^^^^^^^^^^^^
  File "D:\project\project\env\Lib\site-packages\django\template\backends\django.py", line 79, in get_template
    return Template(self.engine.get_template(template_name), self)
                    ~~~~~~~~~~~~~~~~~~~~~~~~^^^^^^^^^^^^^^^
  File "D:\project\project\env\Lib\site-packages\django\template\engine.py", line 186, in get_template
    template, origin = self.find_template(template_name)
                       ~~~~~~~~~~~~~~~~~~^^^^^^^^^^^^^^^
  File "D:\project\project\env\Lib\site-packages\django\template\engine.py", line 159, in find_template
    template = loader.get_template(name, skip=skip)
  File "D:\project\project\env\Lib\site-packages\django\template\loaders\cached.py", line 57, in get_template
    template = super().get_template(template_name, skip)
  File "D:\project\project\env\Lib\site-packages\django\template\loaders\base.py", line 28, in get_template
    return Template(
        contents,
    ...<2 lines>...
        self.engine,
    )
  File "D:\project\project\env\Lib\site-packages\django\template\base.py", line 157, in __init__
    self.nodelist = self.compile_nodelist()
                    ~~~~~~~~~~~~~~~~~~~~~^^
  File "D:\project\project\env\Lib\site-packages\django\template\base.py", line 199, in compile_nodelist
    nodelist = parser.parse()
  File "D:\project\project\env\Lib\site-packages\django\template\base.py", line 585, in parse
    raise self.error(token, e)
  File "D:\project\project\env\Lib\site-packages\django\template\base.py", line 583, in parse
    compiled_result = compile_func(self, token)
  File "D:\project\project\env\Lib\site-packages\django\template\defaulttags.py", line 993, in do_if
    condition = TemplateIfParser(parser, bits).parse()
                ~~~~~~~~~~~~~~~~^^^^^^^^^^^^^^
  File "D:\project\project\env\Lib\site-packages\django\template\defaulttags.py", line 926, in __init__
    super().__init__(*args, **kwargs)
    ~~~~~~~~~~~~~~~~^^^^^^^^^^^^^^^^^
  File "D:\project\project\env\Lib\site-packages\django\template\smartif.py", line 172, in __init__
    mapped_tokens.append(self.translate_token(token))
                         ~~~~~~~~~~~~~~~~~~~~^^^^^^^
  File "D:\project\project\env\Lib\site-packages\django\template\smartif.py", line 183, in translate_token
    return self.create_var(token)
           ~~~~~~~~~~~~~~~^^^^^^^
  File "D:\project\project\env\Lib\site-packages\django\template\defaulttags.py", line 929, in create_var
    return TemplateLiteral(self.template_parser.compile_filter(value), value)
                           ~~~~~~~~~~~~~~~~~~~~~~~~~~~~~~~~~~~^^^^^^^
  File "D:\project\project\env\Lib\site-packages\django\template\base.py", line 676, in compile_filter
    return FilterExpression(token, self)
  File "D:\project\project\env\Lib\site-packages\django\template\base.py", line 776, in __init__
    raise TemplateSyntaxError(
    ...<2 lines>...
    )
django.template.exceptions.TemplateSyntaxError: Template: D:\project\project\product\templates\product\my_order.html, Could not parse the remainder: '==0' from 'orders|length==0'
INFO Watching for file changes with StatReloader
INFO Watching for file changes with StatReloader
INFO Watching for file changes with StatReloader
INFO Watching for file changes with StatReloader
INFO Watching for file changes with StatReloader
INFO Watching for file changes with StatReloader
INFO Order created | order_id=4 | txnid=TXN78904BDB-850 | product=Black forest | amount=0.00 | user_id=8 | username=mohan | email=customer@example.com
INFO Order created | order_id=16 | txnid=TXNDD8D7F33-66C | product=Chocolate cake | amount=700.00 | user_id=8 | username=mohan | email=customer@example.com
WARNING Forbidden (CSRF token from POST incorrect.): /admin/product/order/
WARNING Forbidden (CSRF token from POST incorrect.): /admin/product/order/
INFO Order created | order_id=1 | txnid=TXN31B8A421-EED | product=Chocolate cake | amount=0.00 | user_id=17 | username=pradeep | email=pradeep12@gmail.com
INFO Order created | order_id=17 | txnid=TXN822D97C8-FA8 | product=Chocolate cake | amount=700.00 | user_id=8 | username=mohan | email=customer@example.com
INFO Order created | order_id=17 | txnid=TXN822D97C8-FA8 | product=Chocolate cake | amount=700.00 | user_id=8 | username=mohan | email=customer@example.com
INFO D:\project\project\product\views.py changed, reloading.
INFO Watching for file changes with StatReloader
INFO D:\project\project\product\views.py changed, reloading.
INFO Watching for file changes with StatReloader
INFO D:\project\project\product\views.py changed, reloading.
INFO Watching for file changes with StatReloader
INFO D:\project\project\product\views.py changed, reloading.
INFO Watching for file changes with StatReloader
INFO D:\project\project\product\views.py changed, reloading.
INFO Watching for file changes with StatReloader
INFO D:\project\project\product\views.py changed, reloading.
INFO Watching for file changes with StatReloader
INFO D:\project\project\product\views.py changed, reloading.
INFO Watching for file changes with StatReloader
INFO D:\project\project\product\views.py changed, reloading.
INFO Watching for file changes with StatReloader
INFO D:\project\project\product\views.py changed, reloading.
INFO Watching for file changes with StatReloader
INFO D:\project\project\product\views.py changed, reloading.
INFO Watching for file changes with StatReloader
INFO D:\project\project\product\views.py changed, reloading.
INFO Watching for file changes with StatReloader
INFO D:\project\project\product\views.py changed, reloading.
INFO Watching for file changes with StatReloader
INFO D:\project\project\product\views.py changed, reloading.
INFO Watching for file changes with StatReloader
INFO D:\project\project\product\views.py changed, reloading.
INFO Watching for file changes with StatReloader
INFO Watching for file changes with StatReloader
WARNING Not Found: /favicon.ico
INFO Order created | order_id=17 | txnid=TXN822D97C8-FA8 | product=Chocolate cake | amount=700.00 | user_id=8 | username=mohan | email=customer@example.com
INFO D:\project\project\product\views.py changed, reloading.
INFO Watching for file changes with StatReloader
INFO D:\project\project\product\views.py changed, reloading.
INFO Watching for file changes with StatReloader
INFO D:\project\project\product\views.py changed, reloading.
INFO Watching for file changes with StatReloader
INFO D:\project\project\product\views.py changed, reloading.
INFO Watching for file changes with StatReloader
INFO D:\project\project\product\views.py changed, reloading.
INFO Watching for file changes with StatReloader
INFO D:\project\project\product\views.py changed, reloading.
INFO Watching for file changes with StatReloader
INFO D:\project\project\product\views.py changed, reloading.
INFO Watching for file changes with StatReloader
INFO D:\project\project\product\views.py changed, reloading.
INFO Watching for file changes with StatReloader
INFO Order created | order_id=17 | txnid=TXND6E6814CD339 | product=Chocolate cake | amount=700.00 | user_id=8 | username=mohan | email=customer@example.com
INFO Order created | order_id=17 | txnid=TXN0C9CBC4D0B4C | product=Chocolate cake | amount=700.00 | user_id=8 | username=mohan | email=customer@example.com
INFO D:\project\project\product\views.py changed, reloading.
INFO Watching for file changes with StatReloader
INFO D:\project\project\product\views.py changed, reloading.
INFO Watching for file changes with StatReloader
INFO D:\project\project\product\views.py changed, reloading.
INFO Watching for file changes with StatReloader
INFO D:\project\project\product\views.py changed, reloading.
INFO Watching for file changes with StatReloader
INFO D:\project\project\product\views.py changed, reloading.
INFO Watching for file changes with StatReloader
INFO D:\project\project\product\views.py changed, reloading.
INFO Watching for file changes with StatReloader
INFO D:\project\project\product\views.py changed, reloading.
INFO Watching for file changes with StatReloader
INFO D:\project\project\product\views.py changed, reloading.
INFO Watching for file changes with StatReloader
INFO D:\project\project\product\views.py changed, reloading.
INFO Watching for file changes with StatReloader
INFO Watching for file changes with StatReloader
INFO Order created | order_id=17 | txnid=TXND338CD304AFE | product=Chocolate cake | amount=700.00 | user_id=8 | username=mohan | email=customer@example.com
INFO D:\project\project\project\settings.py changed, reloading.
INFO Watching for file changes with StatReloader
INFO D:\project\project\project\settings.py changed, reloading.
INFO Watching for file changes with StatReloader
INFO D:\project\project\project\settings.py changed, reloading.
INFO Watching for file changes with StatReloader
INFO D:\project\project\project\settings.py changed, reloading.
INFO Watching for file changes with StatReloader
INFO Watching for file changes with StatReloader
INFO Watching for file changes with StatReloader
INFO Watching for file changes with StatReloader
WARNING Not Found: /.well-known/appspecific/com.chrome.devtools.json
INFO Watching for file changes with StatReloader
INFO Watching for file changes with StatReloader
WARNING Not Found: /favicon.ico
INFO Watching for file changes with StatReloader
WARNING Not Found: /favicon.ico
INFO Watching for file changes with StatReloader
INFO Watching for file changes with StatReloader
ERROR Internal Server Error: /my_order/
Traceback (most recent call last):
  File "D:\project\project\env\Lib\site-packages\django\template\base.py", line 577, in parse
    compile_func = self.tags[command]
                   ~~~~~~~~~^^^^^^^^^
KeyError: 'empty'

During handling of the above exception, another exception occurred:

Traceback (most recent call last):
  File "D:\project\project\env\Lib\site-packages\django\core\handlers\exception.py", line 55, in inner
    response = get_response(request)
  File "D:\project\project\env\Lib\site-packages\django\core\handlers\base.py", line 198, in _get_response
    response = wrapped_callback(request, *callback_args, **callback_kwargs)
  File "D:\project\project\product\views.py", line 296, in my_order
    return render(request,"product/my_order.html",{"orders":orders})
  File "D:\project\project\env\Lib\site-packages\django\shortcuts.py", line 25, in render
    content = loader.render_to_string(template_name, context, request, using=using)
  File "D:\project\project\env\Lib\site-packages\django\template\loader.py", line 61, in render_to_string
    template = get_template(template_name, using=using)
  File "D:\project\project\env\Lib\site-packages\django\template\loader.py", line 15, in get_template
    return engine.get_template(template_name)
           ~~~~~~~~~~~~~~~~~~~^^^^^^^^^^^^^^^
  File "D:\project\project\env\Lib\site-packages\django\template\backends\django.py", line 79, in get_template
    return Template(self.engine.get_template(template_name), self)
                    ~~~~~~~~~~~~~~~~~~~~~~~~^^^^^^^^^^^^^^^
  File "D:\project\project\env\Lib\site-packages\django\template\engine.py", line 186, in get_template
    template, origin = self.find_template(template_name)
                       ~~~~~~~~~~~~~~~~~~^^^^^^^^^^^^^^^
  File "D:\project\project\env\Lib\site-packages\django\template\engine.py", line 159, in find_template
    template = loader.get_template(name, skip=skip)
  File "D:\project\project\env\Lib\site-packages\django\template\loaders\cached.py", line 57, in get_template
    template = super().get_template(template_name, skip)
  File "D:\project\project\env\Lib\site-packages\django\template\loaders\base.py", line 28, in get_template
    return Template(
        contents,
    ...<2 lines>...
        self.engine,
    )
  File "D:\project\project\env\Lib\site-packages\django\template\base.py", line 157, in __init__
    self.nodelist = self.compile_nodelist()
                    ~~~~~~~~~~~~~~~~~~~~~^^
  File "D:\project\project\env\Lib\site-packages\django\template\base.py", line 199, in compile_nodelist
    nodelist = parser.parse()
  File "D:\project\project\env\Lib\site-packages\django\template\base.py", line 579, in parse
    self.invalid_block_tag(token, command, parse_until)
    ~~~~~~~~~~~~~~~~~~~~~~^^^^^^^^^^^^^^^^^^^^^^^^^^^^^
  File "D:\project\project\env\Lib\site-packages\django\template\base.py", line 644, in invalid_block_tag
    raise self.error(
    ...<3 lines>...
    )
django.template.exceptions.TemplateSyntaxError: Template: D:\project\project\product\templates\product\my_order.html, Invalid block tag on line 104: 'empty'. Did you forget to register or load this tag?
INFO Watching for file changes with StatReloader
INFO Order created | order_id=18 | txnid=TXN30364F9BA3FB | product=Black forest | amount=600.00 | user_id=8 | username=mohan | email=customer@example.com
INFO Watching for file changes with StatReloader
INFO Watching for file changes with StatReloader
INFO Watching for file changes with StatReloader
INFO Watching for file changes with StatReloader
INFO Watching for file changes with StatReloader
INFO Watching for file changes with StatReloader
INFO Watching for file changes with StatReloader
INFO Watching for file changes with StatReloader
INFO Watching for file changes with StatReloader
INFO Watching for file changes with StatReloader
INFO Watching for file changes with StatReloader
INFO Watching for file changes with StatReloader
INFO Watching for file changes with StatReloader
INFO Order created | order_id=20 | txnid=TXNFA7E873A3AA8 | product=Chocolate cake | amount=700.00 | user_id=8 | username=mohan | email=customer@example.com
INFO Watching for file changes with StatReloader
INFO Watching for file changes with StatReloader
INFO Watching for file changes with StatReloader
INFO Order created | order_id=19 | txnid=TXN980985BEC7B1 | product=Chocolate cake | amount=700.00 | user_id=8 | username=mohan | email=customer@example.com
INFO Watching for file changes with StatReloader
INFO Watching for file changes with StatReloader
INFO Watching for file changes with StatReloader
INFO Watching for file changes with StatReloader
INFO Watching for file changes with StatReloader
INFO Watching for file changes with StatReloader
INFO Watching for file changes with StatReloader
WARNING Not Found: /.well-known/appspecific/com.chrome.devtools.json
INFO Watching for file changes with StatReloaderWARNING Not Found: /favicon.ico
INFO Watching for file changes with StatReloader
INFO Watching for file changes with StatReloader
INFO Watching for file changes with StatReloader
INFO Watching for file changes with StatReloader
INFO Order details | user=mohan | product=Sizzling Brownie | quantity=1 | delivery_date=1111-01-01 | message=kjxc
INFO Order created | order_id=56 | txnid=TXN632AA2D84834 | product=Sizzling Brownie | amount=345.00 | user_id=8 | username=mohan | email=customer@example.com
INFO D:\project\project\product\urls.py changed, reloading.
INFO Watching for file changes with StatReloader
INFO D:\project\project\product\urls.py changed, reloading.
INFO Watching for file changes with StatReloader
INFO D:\project\project\product\views.py changed, reloading.
INFO Watching for file changes with StatReloader
INFO D:\project\project\product\views.py changed, reloading.
INFO Watching for file changes with StatReloader
INFO D:\project\project\product\views.py changed, reloading.
INFO Watching for file changes with StatReloader
INFO Watching for file changes with StatReloader
INFO Watching for file changes with StatReloader
INFO Watching for file changes with StatReloader
INFO Watching for file changes with StatReloader
ERROR Internal Server Error: /category/cakes/
Traceback (most recent call last):
  File "D:\project\project\env\Lib\site-packages\django\template\base.py", line 577, in parse
    compile_func = self.tags[command]
                   ~~~~~~~~~^^^^^^^^^
KeyError: 'empty'

During handling of the above exception, another exception occurred:

Traceback (most recent call last):
  File "D:\project\project\env\Lib\site-packages\django\core\handlers\exception.py", line 55, in inner
    response = get_response(request)
  File "D:\project\project\env\Lib\site-packages\django\core\handlers\base.py", line 198, in _get_response
    response = wrapped_callback(request, *callback_args, **callback_kwargs)
  File "D:\project\project\product\views.py", line 32, in category_products
    return render(request, 'product/category.html', {
        'category': category,
        'products': products
    })
  File "D:\project\project\env\Lib\site-packages\django\shortcuts.py", line 25, in render
    content = loader.render_to_string(template_name, context, request, using=using)
  File "D:\project\project\env\Lib\site-packages\django\template\loader.py", line 61, in render_to_string
    template = get_template(template_name, using=using)
  File "D:\project\project\env\Lib\site-packages\django\template\loader.py", line 15, in get_template
    return engine.get_template(template_name)
           ~~~~~~~~~~~~~~~~~~~^^^^^^^^^^^^^^^
  File "D:\project\project\env\Lib\site-packages\django\template\backends\django.py", line 79, in get_template
    return Template(self.engine.get_template(template_name), self)
                    ~~~~~~~~~~~~~~~~~~~~~~~~^^^^^^^^^^^^^^^
  File "D:\project\project\env\Lib\site-packages\django\template\engine.py", line 186, in get_template
    template, origin = self.find_template(template_name)
                       ~~~~~~~~~~~~~~~~~~^^^^^^^^^^^^^^^
  File "D:\project\project\env\Lib\site-packages\django\template\engine.py", line 159, in find_template
    template = loader.get_template(name, skip=skip)
  File "D:\project\project\env\Lib\site-packages\django\template\loaders\cached.py", line 57, in get_template
    template = super().get_template(template_name, skip)
  File "D:\project\project\env\Lib\site-packages\django\template\loaders\base.py", line 28, in get_template
    return Template(
        contents,
    ...<2 lines>...
        self.engine,
    )
  File "D:\project\project\env\Lib\site-packages\django\template\base.py", line 157, in __init__
    self.nodelist = self.compile_nodelist()
                    ~~~~~~~~~~~~~~~~~~~~~^^
  File "D:\project\project\env\Lib\site-packages\django\template\base.py", line 199, in compile_nodelist
    nodelist = parser.parse()
  File "D:\project\project\env\Lib\site-packages\django\template\base.py", line 579, in parse
    self.invalid_block_tag(token, command, parse_until)
    ~~~~~~~~~~~~~~~~~~~~~~^^^^^^^^^^^^^^^^^^^^^^^^^^^^^
  File "D:\project\project\env\Lib\site-packages\django\template\base.py", line 644, in invalid_block_tag
    raise self.error(
    ...<3 lines>...
    )
django.template.exceptions.TemplateSyntaxError: Template: D:\project\project\product\templates\product\category.html, Invalid block tag on line 49: 'empty'. Did you forget to register or load this tag?
INFO Watching for file changes with StatReloader
ERROR Internal Server Error: /category/cakes/
Traceback (most recent call last):
  File "D:\project\project\env\Lib\site-packages\django\template\base.py", line 577, in parse
    compile_func = self.tags[command]
                   ~~~~~~~~~^^^^^^^^^
KeyError: 'empty'

During handling of the above exception, another exception occurred:

Traceback (most recent call last):
  File "D:\project\project\env\Lib\site-packages\django\core\handlers\exception.py", line 55, in inner
    response = get_response(request)
  File "D:\project\project\env\Lib\site-packages\django\core\handlers\base.py", line 198, in _get_response
    response = wrapped_callback(request, *callback_args, **callback_kwargs)
  File "D:\project\project\product\views.py", line 32, in category_products
    return render(request, 'product/category.html', {
        'category': category,
        'products': products
    })
  File "D:\project\project\env\Lib\site-packages\django\shortcuts.py", line 25, in render
    content = loader.render_to_string(template_name, context, request, using=using)
  File "D:\project\project\env\Lib\site-packages\django\template\loader.py", line 61, in render_to_string
    template = get_template(template_name, using=using)
  File "D:\project\project\env\Lib\site-packages\django\template\loader.py", line 15, in get_template
    return engine.get_template(template_name)
           ~~~~~~~~~~~~~~~~~~~^^^^^^^^^^^^^^^
  File "D:\project\project\env\Lib\site-packages\django\template\backends\django.py", line 79, in get_template
    return Template(self.engine.get_template(template_name), self)
                    ~~~~~~~~~~~~~~~~~~~~~~~~^^^^^^^^^^^^^^^
  File "D:\project\project\env\Lib\site-packages\django\template\engine.py", line 186, in get_template
    template, origin = self.find_template(template_name)
                       ~~~~~~~~~~~~~~~~~~^^^^^^^^^^^^^^^
  File "D:\project\project\env\Lib\site-packages\django\template\engine.py", line 159, in find_template
    template = loader.get_template(name, skip=skip)
  File "D:\project\project\env\Lib\site-packages\django\template\loaders\cached.py", line 57, in get_template
    template = super().get_template(template_name, skip)
  File "D:\project\project\env\Lib\site-packages\django\template\loaders\base.py", line 28, in get_template
    return Template(
        contents,
    ...<2 lines>...
        self.engine,
    )
  File "D:\project\project\env\Lib\site-packages\django\template\base.py", line 157, in __init__
    self.nodelist = self.compile_nodelist()
                    ~~~~~~~~~~~~~~~~~~~~~^^
  File "D:\project\project\env\Lib\site-packages\django\template\base.py", line 199, in compile_nodelist
    nodelist = parser.parse()
  File "D:\project\project\env\Lib\site-packages\django\template\base.py", line 579, in parse
    self.invalid_block_tag(token, command, parse_until)
    ~~~~~~~~~~~~~~~~~~~~~~^^^^^^^^^^^^^^^^^^^^^^^^^^^^^
  File "D:\project\project\env\Lib\site-packages\django\template\base.py", line 644, in invalid_block_tag
    raise self.error(
    ...<3 lines>...
    )
django.template.exceptions.TemplateSyntaxError: Template: D:\project\project\product\templates\product\category.html, Invalid block tag on line 49: 'empty'. Did you forget to register or load this tag?
ERROR Internal Server Error: /category/cakes/
Traceback (most recent call last):
  File "D:\project\project\env\Lib\site-packages\django\template\base.py", line 577, in parse
    compile_func = self.tags[command]
                   ~~~~~~~~~^^^^^^^^^
KeyError: 'empty'

During handling of the above exception, another exception occurred:

Traceback (most recent call last):
  File "D:\project\project\env\Lib\site-packages\django\core\handlers\exception.py", line 55, in inner
    response = get_response(request)
  File "D:\project\project\env\Lib\site-packages\django\core\handlers\base.py", line 198, in _get_response
    response = wrapped_callback(request, *callback_args, **callback_kwargs)
  File "D:\project\project\product\views.py", line 32, in category_products
    return render(request, 'product/category.html', {
        'category': category,
        'products': products
    })
  File "D:\project\project\env\Lib\site-packages\django\shortcuts.py", line 25, in render
    content = loader.render_to_string(template_name, context, request, using=using)
  File "D:\project\project\env\Lib\site-packages\django\template\loader.py", line 61, in render_to_string
    template = get_template(template_name, using=using)
  File "D:\project\project\env\Lib\site-packages\django\template\loader.py", line 15, in get_template
    return engine.get_template(template_name)
           ~~~~~~~~~~~~~~~~~~~^^^^^^^^^^^^^^^
  File "D:\project\project\env\Lib\site-packages\django\template\backends\django.py", line 79, in get_template
    return Template(self.engine.get_template(template_name), self)
                    ~~~~~~~~~~~~~~~~~~~~~~~~^^^^^^^^^^^^^^^
  File "D:\project\project\env\Lib\site-packages\django\template\engine.py", line 186, in get_template
    template, origin = self.find_template(template_name)
                       ~~~~~~~~~~~~~~~~~~^^^^^^^^^^^^^^^
  File "D:\project\project\env\Lib\site-packages\django\template\engine.py", line 159, in find_template
    template = loader.get_template(name, skip=skip)
  File "D:\project\project\env\Lib\site-packages\django\template\loaders\cached.py", line 57, in get_template
    template = super().get_template(template_name, skip)
  File "D:\project\project\env\Lib\site-packages\django\template\loaders\base.py", line 28, in get_template
    return Template(
        contents,
    ...<2 lines>...
        self.engine,
    )
  File "D:\project\project\env\Lib\site-packages\django\template\base.py", line 157, in __init__
    self.nodelist = self.compile_nodelist()
                    ~~~~~~~~~~~~~~~~~~~~~^^
  File "D:\project\project\env\Lib\site-packages\django\template\base.py", line 199, in compile_nodelist
    nodelist = parser.parse()
  File "D:\project\project\env\Lib\site-packages\django\template\base.py", line 579, in parse
    self.invalid_block_tag(token, command, parse_until)
    ~~~~~~~~~~~~~~~~~~~~~~^^^^^^^^^^^^^^^^^^^^^^^^^^^^^
  File "D:\project\project\env\Lib\site-packages\django\template\base.py", line 644, in invalid_block_tag
    raise self.error(
    ...<3 lines>...
    )
django.template.exceptions.TemplateSyntaxError: Template: D:\project\project\product\templates\product\category.html, Invalid block tag on line 49: 'empty'. Did you forget to register or load this tag?
INFO Watching for file changes with StatReloader
INFO D:\project\project\product\views.py changed, reloading.
INFO Watching for file changes with StatReloader
INFO D:\project\project\product\urls.py changed, reloading.
INFO Watching for file changes with StatReloader
INFO Watching for file changes with StatReloader
ERROR Internal Server Error: /category/cakes/
Traceback (most recent call last):
  File "D:\project\project\env\Lib\site-packages\django\core\handlers\exception.py", line 55, in inner
    response = get_response(request)
  File "D:\project\project\env\Lib\site-packages\django\core\handlers\base.py", line 198, in _get_response
    response = wrapped_callback(request, *callback_args, **callback_kwargs)
  File "D:\project\project\product\views.py", line 32, in category_products
    return render(request, 'product/category.html', {
        'category': category,
        'products': products
    })
  File "D:\project\project\env\Lib\site-packages\django\shortcuts.py", line 25, in render
    content = loader.render_to_string(template_name, context, request, using=using)
  File "D:\project\project\env\Lib\site-packages\django\template\loader.py", line 62, in render_to_string
    return template.render(context, request)
           ~~~~~~~~~~~~~~~^^^^^^^^^^^^^^^^^^
  File "D:\project\project\env\Lib\site-packages\django\template\backends\django.py", line 107, in render
    return self.template.render(context)
           ~~~~~~~~~~~~~~~~~~~~^^^^^^^^^
  File "D:\project\project\env\Lib\site-packages\django\template\base.py", line 174, in render
    return self._render(context)
           ~~~~~~~~~~~~^^^^^^^^^
  File "D:\project\project\env\Lib\site-packages\django\template\base.py", line 166, in _render
    return self.nodelist.render(context)
           ~~~~~~~~~~~~~~~~~~~~^^^^^^^^^
  File "D:\project\project\env\Lib\site-packages\django\template\base.py", line 1091, in render
    return SafeString("".join([node.render_annotated(context) for node in self]))
                               ~~~~~~~~~~~~~~~~~~~~~^^^^^^^^^
  File "D:\project\project\env\Lib\site-packages\django\template\base.py", line 1052, in render_annotated
    return self.render(context)
           ~~~~~~~~~~~^^^^^^^^^
  File "D:\project\project\env\Lib\site-packages\django\template\defaulttags.py", line 511, in render
    url = reverse(view_name, args=args, kwargs=kwargs, current_app=current_app)
  File "D:\project\project\env\Lib\site-packages\django\urls\base.py", line 98, in reverse
    resolved_url = resolver._reverse_with_prefix(view, prefix, *args, **kwargs)
  File "D:\project\project\env\Lib\site-packages\django\urls\resolvers.py", line 842, in _reverse_with_prefix
    raise NoReverseMatch(msg)
django.urls.exceptions.NoReverseMatch: Reverse for 'search' not found. 'search' is not a valid view function or pattern name.
INFO D:\project\project\product\urls.py changed, reloading.
INFO Watching for file changes with StatReloader
INFO D:\project\project\product\urls.py changed, reloading.
INFO Watching for file changes with StatReloader
INFO D:\project\project\product\views.py changed, reloading.
INFO Watching for file changes with StatReloader
INFO D:\project\project\product\urls.py changed, reloading.
INFO Watching for file changes with StatReloader
ERROR Internal Server Error: /search/
Traceback (most recent call last):
  File "D:\project\project\env\Lib\site-packages\django\core\handlers\exception.py", line 55, in inner
    response = get_response(request)
  File "D:\project\project\env\Lib\site-packages\django\core\handlers\base.py", line 198, in _get_response
    response = wrapped_callback(request, *callback_args, **callback_kwargs)
  File "D:\project\project\product\views.py", line 309, in search
    return render(request, 'product/search.html', {
        'products': products,
        'query': query
    })
  File "D:\project\project\env\Lib\site-packages\django\shortcuts.py", line 25, in render
    content = loader.render_to_string(template_name, context, request, using=using)
  File "D:\project\project\env\Lib\site-packages\django\template\loader.py", line 61, in render_to_string
    template = get_template(template_name, using=using)
  File "D:\project\project\env\Lib\site-packages\django\template\loader.py", line 19, in get_template
    raise TemplateDoesNotExist(template_name, chain=chain)
django.template.exceptions.TemplateDoesNotExist: product/search.html
INFO D:\project\project\product\views.py changed, reloading.
INFO Watching for file changes with StatReloader
INFO D:\project\project\product\views.py changed, reloading.
INFO Watching for file changes with StatReloader
INFO D:\project\project\product\urls.py changed, reloading.
INFO Watching for file changes with StatReloader
ERROR Internal Server Error: /
Traceback (most recent call last):
  File "D:\project\project\env\Lib\site-packages\django\core\handlers\exception.py", line 55, in inner
    response = get_response(request)
  File "D:\project\project\env\Lib\site-packages\django\core\handlers\base.py", line 198, in _get_response
    response = wrapped_callback(request, *callback_args, **callback_kwargs)
  File "D:\project\project\product\views.py", line 19, in home
    return render(request, 'product/home.html', {
        'categories': categories,
        'products': products
    })
  File "D:\project\project\env\Lib\site-packages\django\shortcuts.py", line 25, in render
    content = loader.render_to_string(template_name, context, request, using=using)
  File "D:\project\project\env\Lib\site-packages\django\template\loader.py", line 62, in render_to_string
    return template.render(context, request)
           ~~~~~~~~~~~~~~~^^^^^^^^^^^^^^^^^^
  File "D:\project\project\env\Lib\site-packages\django\template\backends\django.py", line 107, in render
    return self.template.render(context)
           ~~~~~~~~~~~~~~~~~~~~^^^^^^^^^
  File "D:\project\project\env\Lib\site-packages\django\template\base.py", line 174, in render
    return self._render(context)
           ~~~~~~~~~~~~^^^^^^^^^
  File "D:\project\project\env\Lib\site-packages\django\template\base.py", line 166, in _render
    return self.nodelist.render(context)
           ~~~~~~~~~~~~~~~~~~~~^^^^^^^^^
  File "D:\project\project\env\Lib\site-packages\django\template\base.py", line 1091, in render
    return SafeString("".join([node.render_annotated(context) for node in self]))
                               ~~~~~~~~~~~~~~~~~~~~~^^^^^^^^^
  File "D:\project\project\env\Lib\site-packages\django\template\base.py", line 1052, in render_annotated
    return self.render(context)
           ~~~~~~~~~~~^^^^^^^^^
  File "D:\project\project\env\Lib\site-packages\django\template\defaulttags.py", line 511, in render
    url = reverse(view_name, args=args, kwargs=kwargs, current_app=current_app)
  File "D:\project\project\env\Lib\site-packages\django\urls\base.py", line 98, in reverse
    resolved_url = resolver._reverse_with_prefix(view, prefix, *args, **kwargs)
  File "D:\project\project\env\Lib\site-packages\django\urls\resolvers.py", line 842, in _reverse_with_prefix
    raise NoReverseMatch(msg)
django.urls.exceptions.NoReverseMatch: Reverse for 'search' not found. 'search' is not a valid view function or pattern name.
INFO Watching for file changes with StatReloader
WARNING Not Found: /favicon.ico
WARNING Not Found: /.well-known/appspecific/com.chrome.devtools.json
WARNING Not Found: /.well-known/appspecific/com.chrome.devtools.json
INFO Watching for file changes with StatReloader
INFO D:\project\project\product\urls.py changed, reloading.
INFO Watching for file changes with StatReloader
INFO D:\project\project\product\urls.py changed, reloading.
INFO Watching for file changes with StatReloader
INFO D:\project\project\product\urls.py changed, reloading.
INFO Watching for file changes with StatReloader
INFO D:\project\project\product\urls.py changed, reloading.
INFO Watching for file changes with StatReloader
ERROR Internal Server Error: /login/
Traceback (most recent call last):
  File "D:\project\project\env\Lib\site-packages\django\core\handlers\exception.py", line 55, in inner
    response = get_response(request)
  File "D:\project\project\env\Lib\site-packages\django\core\handlers\base.py", line 198, in _get_response
    response = wrapped_callback(request, *callback_args, **callback_kwargs)
  File "D:\project\project\project\views.py", line 59, in user_login
    return render(request, 'login.html')
  File "D:\project\project\env\Lib\site-packages\django\shortcuts.py", line 25, in render
    content = loader.render_to_string(template_name, context, request, using=using)
  File "D:\project\project\env\Lib\site-packages\django\template\loader.py", line 62, in render_to_string
    return template.render(context, request)
           ~~~~~~~~~~~~~~~^^^^^^^^^^^^^^^^^^
  File "D:\project\project\env\Lib\site-packages\django\template\backends\django.py", line 107, in render
    return self.template.render(context)
           ~~~~~~~~~~~~~~~~~~~~^^^^^^^^^
  File "D:\project\project\env\Lib\site-packages\django\template\base.py", line 174, in render
    return self._render(context)
           ~~~~~~~~~~~~^^^^^^^^^
  File "D:\project\project\env\Lib\site-packages\django\template\base.py", line 166, in _render
    return self.nodelist.render(context)
           ~~~~~~~~~~~~~~~~~~~~^^^^^^^^^
  File "D:\project\project\env\Lib\site-packages\django\template\base.py", line 1091, in render
    return SafeString("".join([node.render_annotated(context) for node in self]))
                               ~~~~~~~~~~~~~~~~~~~~~^^^^^^^^^
  File "D:\project\project\env\Lib\site-packages\django\template\base.py", line 1052, in render_annotated
    return self.render(context)
           ~~~~~~~~~~~^^^^^^^^^
  File "D:\project\project\env\Lib\site-packages\django\template\defaulttags.py", line 511, in render
    url = reverse(view_name, args=args, kwargs=kwargs, current_app=current_app)
  File "D:\project\project\env\Lib\site-packages\django\urls\base.py", line 98, in reverse
    resolved_url = resolver._reverse_with_prefix(view, prefix, *args, **kwargs)
  File "D:\project\project\env\Lib\site-packages\django\urls\resolvers.py", line 842, in _reverse_with_prefix
    raise NoReverseMatch(msg)
django.urls.exceptions.NoReverseMatch: Reverse for 'otp_login' not found. 'otp_login' is not a valid view function or pattern name.
INFO D:\project\project\product\urls.py changed, reloading.
INFO Watching for file changes with StatReloader
INFO D:\project\project\product\urls.py changed, reloading.
INFO Watching for file changes with StatReloader
INFO D:\project\project\product\views.py changed, reloading.
INFO Watching for file changes with StatReloader
ERROR Internal Server Error: /login/
Traceback (most recent call last):
  File "D:\project\project\env\Lib\site-packages\django\core\handlers\exception.py", line 55, in inner
    response = get_response(request)
  File "D:\project\project\env\Lib\site-packages\django\core\handlers\base.py", line 198, in _get_response
    response = wrapped_callback(request, *callback_args, **callback_kwargs)
  File "D:\project\project\project\views.py", line 59, in user_login
    return render(request, 'login.html')
  File "D:\project\project\env\Lib\site-packages\django\shortcuts.py", line 25, in render
    content = loader.render_to_string(template_name, context, request, using=using)
  File "D:\project\project\env\Lib\site-packages\django\template\loader.py", line 62, in render_to_string
    return template.render(context, request)
           ~~~~~~~~~~~~~~~^^^^^^^^^^^^^^^^^^
  File "D:\project\project\env\Lib\site-packages\django\template\backends\django.py", line 107, in render
    return self.template.render(context)
           ~~~~~~~~~~~~~~~~~~~~^^^^^^^^^
  File "D:\project\project\env\Lib\site-packages\django\template\base.py", line 174, in render
    return self._render(context)
           ~~~~~~~~~~~~^^^^^^^^^
  File "D:\project\project\env\Lib\site-packages\django\template\base.py", line 166, in _render
    return self.nodelist.render(context)
           ~~~~~~~~~~~~~~~~~~~~^^^^^^^^^
  File "D:\project\project\env\Lib\site-packages\django\template\base.py", line 1091, in render
    return SafeString("".join([node.render_annotated(context) for node in self]))
                               ~~~~~~~~~~~~~~~~~~~~~^^^^^^^^^
  File "D:\project\project\env\Lib\site-packages\django\template\base.py", line 1052, in render_annotated
    return self.render(context)
           ~~~~~~~~~~~^^^^^^^^^
  File "D:\project\project\env\Lib\site-packages\django\template\defaulttags.py", line 511, in render
    url = reverse(view_name, args=args, kwargs=kwargs, current_app=current_app)
  File "D:\project\project\env\Lib\site-packages\django\urls\base.py", line 98, in reverse
    resolved_url = resolver._reverse_with_prefix(view, prefix, *args, **kwargs)
  File "D:\project\project\env\Lib\site-packages\django\urls\resolvers.py", line 842, in _reverse_with_prefix
    raise NoReverseMatch(msg)
django.urls.exceptions.NoReverseMatch: Reverse for 'otp_login' not found. 'otp_login' is not a valid view function or pattern name.
INFO Watching for file changes with StatReloader
ERROR Internal Server Error: /login/
Traceback (most recent call last):
  File "D:\project\project\env\Lib\site-packages\django\core\handlers\exception.py", line 55, in inner
    response = get_response(request)
  File "D:\project\project\env\Lib\site-packages\django\core\handlers\base.py", line 198, in _get_response
    response = wrapped_callback(request, *callback_args, **callback_kwargs)
  File "D:\project\project\project\views.py", line 59, in user_login
    return render(request, 'login.html')
  File "D:\project\project\env\Lib\site-packages\django\shortcuts.py", line 25, in render
    content = loader.render_to_string(template_name, context, request, using=using)
  File "D:\project\project\env\Lib\site-packages\django\template\loader.py", line 62, in render_to_string
    return template.render(context, request)
           ~~~~~~~~~~~~~~~^^^^^^^^^^^^^^^^^^
  File "D:\project\project\env\Lib\site-packages\django\template\backends\django.py", line 107, in render
    return self.template.render(context)
           ~~~~~~~~~~~~~~~~~~~~^^^^^^^^^
  File "D:\project\project\env\Lib\site-packages\django\template\base.py", line 174, in render
    return self._render(context)
           ~~~~~~~~~~~~^^^^^^^^^
  File "D:\project\project\env\Lib\site-packages\django\template\base.py", line 166, in _render
    return self.nodelist.render(context)
           ~~~~~~~~~~~~~~~~~~~~^^^^^^^^^
  File "D:\project\project\env\Lib\site-packages\django\template\base.py", line 1091, in render
    return SafeString("".join([node.render_annotated(context) for node in self]))
                               ~~~~~~~~~~~~~~~~~~~~~^^^^^^^^^
  File "D:\project\project\env\Lib\site-packages\django\template\base.py", line 1052, in render_annotated
    return self.render(context)
           ~~~~~~~~~~~^^^^^^^^^
  File "D:\project\project\env\Lib\site-packages\django\template\defaulttags.py", line 511, in render
    url = reverse(view_name, args=args, kwargs=kwargs, current_app=current_app)
  File "D:\project\project\env\Lib\site-packages\django\urls\base.py", line 98, in reverse
    resolved_url = resolver._reverse_with_prefix(view, prefix, *args, **kwargs)
  File "D:\project\project\env\Lib\site-packages\django\urls\resolvers.py", line 842, in _reverse_with_prefix
    raise NoReverseMatch(msg)
django.urls.exceptions.NoReverseMatch: Reverse for 'otp_login' not found. 'otp_login' is not a valid view function or pattern name.
ERROR Internal Server Error: /login/
Traceback (most recent call last):
  File "D:\project\project\env\Lib\site-packages\django\core\handlers\exception.py", line 55, in inner
    response = get_response(request)
  File "D:\project\project\env\Lib\site-packages\django\core\handlers\base.py", line 198, in _get_response
    response = wrapped_callback(request, *callback_args, **callback_kwargs)
  File "D:\project\project\project\views.py", line 59, in user_login
    return render(request, 'login.html')
  File "D:\project\project\env\Lib\site-packages\django\shortcuts.py", line 25, in render
    content = loader.render_to_string(template_name, context, request, using=using)
  File "D:\project\project\env\Lib\site-packages\django\template\loader.py", line 62, in render_to_string
    return template.render(context, request)
           ~~~~~~~~~~~~~~~^^^^^^^^^^^^^^^^^^
  File "D:\project\project\env\Lib\site-packages\django\template\backends\django.py", line 107, in render
    return self.template.render(context)
           ~~~~~~~~~~~~~~~~~~~~^^^^^^^^^
  File "D:\project\project\env\Lib\site-packages\django\template\base.py", line 174, in render
    return self._render(context)
           ~~~~~~~~~~~~^^^^^^^^^
  File "D:\project\project\env\Lib\site-packages\django\template\base.py", line 166, in _render
    return self.nodelist.render(context)
           ~~~~~~~~~~~~~~~~~~~~^^^^^^^^^
  File "D:\project\project\env\Lib\site-packages\django\template\base.py", line 1091, in render
    return SafeString("".join([node.render_annotated(context) for node in self]))
                               ~~~~~~~~~~~~~~~~~~~~~^^^^^^^^^
  File "D:\project\project\env\Lib\site-packages\django\template\base.py", line 1052, in render_annotated
    return self.render(context)
           ~~~~~~~~~~~^^^^^^^^^
  File "D:\project\project\env\Lib\site-packages\django\template\defaulttags.py", line 511, in render
    url = reverse(view_name, args=args, kwargs=kwargs, current_app=current_app)
  File "D:\project\project\env\Lib\site-packages\django\urls\base.py", line 98, in reverse
    resolved_url = resolver._reverse_with_prefix(view, prefix, *args, **kwargs)
  File "D:\project\project\env\Lib\site-packages\django\urls\resolvers.py", line 842, in _reverse_with_prefix
    raise NoReverseMatch(msg)
django.urls.exceptions.NoReverseMatch: Reverse for 'otp_login' not found. 'otp_login' is not a valid view function or pattern name.
ERROR Internal Server Error: /otp-login/
Traceback (most recent call last):
  File "D:\project\project\env\Lib\site-packages\django\core\handlers\exception.py", line 55, in inner
    response = get_response(request)
  File "D:\project\project\env\Lib\site-packages\django\core\handlers\base.py", line 198, in _get_response
    response = wrapped_callback(request, *callback_args, **callback_kwargs)
  File "D:\project\project\product\views.py", line 344, in otp_login_page
    return render(request, "otp_login.html")
  File "D:\project\project\env\Lib\site-packages\django\shortcuts.py", line 25, in render
    content = loader.render_to_string(template_name, context, request, using=using)
  File "D:\project\project\env\Lib\site-packages\django\template\loader.py", line 61, in render_to_string
    template = get_template(template_name, using=using)
  File "D:\project\project\env\Lib\site-packages\django\template\loader.py", line 19, in get_template
    raise TemplateDoesNotExist(template_name, chain=chain)
django.template.exceptions.TemplateDoesNotExist: otp_login.html
INFO D:\project\project\product\views.py changed, reloading.
INFO Watching for file changes with StatReloader
WARNING Forbidden (CSRF token missing.): /send-otp/
INFO Watching for file changes with StatReloader
ERROR Internal Server Error: /send-otp/
Traceback (most recent call last):
  File "D:\project\project\env\Lib\site-packages\django\db\backends\utils.py", line 105, in _execute
    return self.cursor.execute(sql, params)
           ~~~~~~~~~~~~~~~~~~~^^^^^^^^^^^^^
psycopg2.errors.UndefinedTable: relation "product_emailotp" does not exist
LINE 1: INSERT INTO "product_emailotp" ("email", "otp", "expires_at"...
                    ^


The above exception was the direct cause of the following exception:

Traceback (most recent call last):
  File "D:\project\project\env\Lib\site-packages\django\core\handlers\exception.py", line 55, in inner
    response = get_response(request)
  File "D:\project\project\env\Lib\site-packages\django\core\handlers\base.py", line 198, in _get_response
    response = wrapped_callback(request, *callback_args, **callback_kwargs)
  File "D:\project\project\product\views.py", line 309, in send_otp
    EmailOTP.objects.create(
    ~~~~~~~~~~~~~~~~~~~~~~~^
        email=email,
        ^^^^^^^^^^^^
        otp=otp,
        ^^^^^^^^
        expires_at=expiry
        ^^^^^^^^^^^^^^^^^
    )
    ^
  File "D:\project\project\env\Lib\site-packages\django\db\models\manager.py", line 87, in manager_method
    return getattr(self.get_queryset(), name)(*args, **kwargs)
           ~~~~~~~~~~~~~~~~~~~~~~~~~~~~~~~~~~^^^^^^^^^^^^^^^^^
  File "D:\project\project\env\Lib\site-packages\django\db\models\query.py", line 669, in create
    obj.save(force_insert=True, using=self.db)
    ~~~~~~~~^^^^^^^^^^^^^^^^^^^^^^^^^^^^^^^^^^
  File "D:\project\project\env\Lib\site-packages\django\db\models\base.py", line 874, in save
    self.save_base(
    ~~~~~~~~~~~~~~^
        using=using,
        ^^^^^^^^^^^^
    ...<2 lines>...
        update_fields=update_fields,
        ^^^^^^^^^^^^^^^^^^^^^^^^^^^^
    )
    ^
  File "D:\project\project\env\Lib\site-packages\django\db\models\base.py", line 966, in save_base
    updated = self._save_table(
        raw,
    ...<4 lines>...
        update_fields,
    )
  File "D:\project\project\env\Lib\site-packages\django\db\models\base.py", line 1167, in _save_table
    results = self._do_insert(
        cls._base_manager, using, insert_fields, returning_fields, raw
    )
  File "D:\project\project\env\Lib\site-packages\django\db\models\base.py", line 1218, in _do_insert
    return manager._insert(
           ~~~~~~~~~~~~~~~^
        [self],
        ^^^^^^^
    ...<3 lines>...
        raw=raw,
        ^^^^^^^^
    )
    ^
  File "D:\project\project\env\Lib\site-packages\django\db\models\manager.py", line 87, in manager_method
    return getattr(self.get_queryset(), name)(*args, **kwargs)
           ~~~~~~~~~~~~~~~~~~~~~~~~~~~~~~~~~~^^^^^^^^^^^^^^^^^
  File "D:\project\project\env\Lib\site-packages\django\db\models\query.py", line 1918, in _insert
    return query.get_compiler(using=using).execute_sql(returning_fields)
           ~~~~~~~~~~~~~~~~~~~~~~~~~~~~~~~~~~~~~~~~~~~^^^^^^^^^^^^^^^^^^
  File "D:\project\project\env\Lib\site-packages\django\db\models\sql\compiler.py", line 1925, in execute_sql
    cursor.execute(sql, params)
    ~~~~~~~~~~~~~~^^^^^^^^^^^^^
  File "D:\project\project\env\Lib\site-packages\django\db\backends\utils.py", line 122, in execute
    return super().execute(sql, params)
           ~~~~~~~~~~~~~~~^^^^^^^^^^^^^
  File "D:\project\project\env\Lib\site-packages\django\db\backends\utils.py", line 79, in execute
    return self._execute_with_wrappers(
           ~~~~~~~~~~~~~~~~~~~~~~~~~~~^
        sql, params, many=False, executor=self._execute
        ^^^^^^^^^^^^^^^^^^^^^^^^^^^^^^^^^^^^^^^^^^^^^^^
    )
    ^
  File "D:\project\project\env\Lib\site-packages\django\db\backends\utils.py", line 92, in _execute_with_wrappers
    return executor(sql, params, many, context)
  File "D:\project\project\env\Lib\site-packages\django\db\backends\utils.py", line 100, in _execute
    with self.db.wrap_database_errors:
         ^^^^^^^^^^^^^^^^^^^^^^^^^^^^
  File "D:\project\project\env\Lib\site-packages\django\db\utils.py", line 94, in __exit__
    raise dj_exc_value.with_traceback(traceback) from exc_value
  File "D:\project\project\env\Lib\site-packages\django\db\backends\utils.py", line 105, in _execute
    return self.cursor.execute(sql, params)
           ~~~~~~~~~~~~~~~~~~~^^^^^^^^^^^^^
django.db.utils.ProgrammingError: relation "product_emailotp" does not exist
LINE 1: INSERT INTO "product_emailotp" ("email", "otp", "expires_at"...
                    ^

INFO Watching for file changes with StatReloader
WARNING Not Found: /.well-known/appspecific/com.chrome.devtools.json
INFO D:\project\project\product\views.py changed, reloading.
INFO Watching for file changes with StatReloader
INFO D:\project\project\product\views.py changed, reloading.
INFO Watching for file changes with StatReloader
ERROR Internal Server Error: /send-otp/
Traceback (most recent call last):
  File "D:\project\project\env\Lib\site-packages\django\core\handlers\exception.py", line 55, in inner
    response = get_response(request)
  File "D:\project\project\env\Lib\site-packages\django\core\handlers\base.py", line 198, in _get_response
    response = wrapped_callback(request, *callback_args, **callback_kwargs)
TypeError: send_otp() missing 1 required positional argument: 'otp'
INFO D:\project\project\product\views.py changed, reloading.
INFO Watching for file changes with StatReloader
INFO D:\project\project\product\services.py changed, reloading.
INFO Watching for file changes with StatReloader
INFO D:\project\project\product\services.py changed, reloading.
INFO Watching for file changes with StatReloader
INFO D:\project\project\product\services.py changed, reloading.
INFO Watching for file changes with StatReloader
INFO D:\project\project\product\services.py changed, reloading.
INFO Watching for file changes with StatReloader
INFO D:\project\project\product\services.py changed, reloading.
INFO Watching for file changes with StatReloader
ERROR Internal Server Error: /send-otp/
Traceback (most recent call last):
  File "D:\project\project\env\Lib\site-packages\django\core\handlers\exception.py", line 55, in inner
    response = get_response(request)
  File "D:\project\project\env\Lib\site-packages\django\core\handlers\base.py", line 198, in _get_response
    response = wrapped_callback(request, *callback_args, **callback_kwargs)
  File "D:\project\project\product\views.py", line 315, in send_otp
    send_otp_email(email, otp)
    ~~~~~~~~~~~~~~^^^^^^^^^^^^
  File "D:\project\project\product\services.py", line 9, in send_otp_email
    "accessToken": settings.EMAILJS_PRIVATE_KEY,
                   ^^^^^^^^^^^^^^^^^^^^^^^^^^^^
  File "D:\project\project\env\Lib\site-packages\django\conf\__init__.py", line 77, in __getattr__
    val = getattr(_wrapped, name)
AttributeError: 'Settings' object has no attribute 'EMAILJS_PRIVATE_KEY'. Did you mean: 'EMAILJS_PUBLIC_KEY'?
INFO D:\project\project\product\services.py changed, reloading.
INFO Watching for file changes with StatReloader
ERROR Internal Server Error: /send-otp/
Traceback (most recent call last):
  File "D:\project\project\env\Lib\site-packages\django\core\handlers\exception.py", line 55, in inner
    response = get_response(request)
  File "D:\project\project\env\Lib\site-packages\django\core\handlers\base.py", line 198, in _get_response
    response = wrapped_callback(request, *callback_args, **callback_kwargs)
  File "D:\project\project\product\views.py", line 315, in send_otp
    send_otp_email(email, otp)
    ~~~~~~~~~~~~~~^^^^^^^^^^^^
  File "D:\project\project\product\services.py", line 9, in send_otp_email
    "accessToken": settings.EMAILJS_PUBLIC_KEY,
                   ^^^^^^^^^^^^^^^^^^^^^^
  File "D:\project\project\env\Lib\site-packages\django\conf\__init__.py", line 77, in __getattr__
    val = getattr(_wrapped, name)
AttributeError: 'Settings' object has no attribute 'EMAILJS_P_KEY'. Did you mean: 'EMAILJS_PUBLIC_KEY'?
INFO D:\project\project\product\services.py changed, reloading.
INFO Watching for file changes with StatReloader
INFO D:\project\project\product\services.py changed, reloading.
INFO Watching for file changes with StatReloader
INFO Watching for file changes with StatReloader
INFO D:\project\project\project\settings.py changed, reloading.
INFO Watching for file changes with StatReloader
INFO Watching for file changes with StatReloader
INFO Watching for file changes with StatReloader
INFO Watching for file changes with StatReloader
INFO Watching for file changes with StatReloader
INFO Watching for file changes with StatReloader
INFO Watching for file changes with StatReloader
INFO Watching for file changes with StatReloader
INFO Watching for file changes with StatReloader
INFO Watching for file changes with StatReloader
ERROR Internal Server Error: /otp-login/
Traceback (most recent call last):
  File "D:\project\project\env\Lib\site-packages\django\core\handlers\exception.py", line 55, in inner
    response = get_response(request)
  File "D:\project\project\env\Lib\site-packages\django\core\handlers\base.py", line 198, in _get_response
    response = wrapped_callback(request, *callback_args, **callback_kwargs)
  File "D:\project\project\product\views.py", line 346, in otp_login_page
    return render(request, "product/otp_login.html")
  File "D:\project\project\env\Lib\site-packages\django\shortcuts.py", line 25, in render
    content = loader.render_to_string(template_name, context, request, using=using)
  File "D:\project\project\env\Lib\site-packages\django\template\loader.py", line 62, in render_to_string
    return template.render(context, request)
           ~~~~~~~~~~~~~~~^^^^^^^^^^^^^^^^^^
  File "D:\project\project\env\Lib\site-packages\django\template\backends\django.py", line 107, in render
    return self.template.render(context)
           ~~~~~~~~~~~~~~~~~~~~^^^^^^^^^
  File "D:\project\project\env\Lib\site-packages\django\template\base.py", line 174, in render
    return self._render(context)
           ~~~~~~~~~~~~^^^^^^^^^
  File "D:\project\project\env\Lib\site-packages\django\template\base.py", line 166, in _render
    return self.nodelist.render(context)
           ~~~~~~~~~~~~~~~~~~~~^^^^^^^^^
  File "D:\project\project\env\Lib\site-packages\django\template\base.py", line 1091, in render
    return SafeString("".join([node.render_annotated(context) for node in self]))
                               ~~~~~~~~~~~~~~~~~~~~~^^^^^^^^^
  File "D:\project\project\env\Lib\site-packages\django\template\base.py", line 1052, in render_annotated
    return self.render(context)
           ~~~~~~~~~~~^^^^^^^^^
  File "D:\project\project\env\Lib\site-packages\django\template\defaulttags.py", line 511, in render
    url = reverse(view_name, args=args, kwargs=kwargs, current_app=current_app)
  File "D:\project\project\env\Lib\site-packages\django\urls\base.py", line 98, in reverse
    resolved_url = resolver._reverse_with_prefix(view, prefix, *args, **kwargs)
  File "D:\project\project\env\Lib\site-packages\django\urls\resolvers.py", line 842, in _reverse_with_prefix
    raise NoReverseMatch(msg)
django.urls.exceptions.NoReverseMatch: Reverse for 'home' not found. 'home' is not a valid view function or pattern name.
INFO Watching for file changes with StatReloader
WARNING Not Found: /.well-known/appspecific/com.chrome.devtools.json
WARNING Not Found: /.well-known/appspecific/com.chrome.devtools.json
WARNING Not Found: /.well-known/appspecific/com.chrome.devtools.json
INFO Watching for file changes with StatReloader
INFO Watching for file changes with StatReloader
INFO Watching for file changes with StatReloader
INFO Watching for file changes with StatReloader
INFO Watching for file changes with StatReloader
ERROR Internal Server Error: /signup/
Traceback (most recent call last):
  File "D:\project\project\env\Lib\site-packages\django\core\handlers\exception.py", line 55, in inner
    response = get_response(request)
  File "D:\project\project\env\Lib\site-packages\django\core\handlers\base.py", line 198, in _get_response
    response = wrapped_callback(request, *callback_args, **callback_kwargs)
  File "D:\project\project\project\views.py", line 19, in signup
    user = User.objects.create_user(
        username=username,
        password=password
    )
  File "D:\project\project\env\Lib\site-packages\django\contrib\auth\models.py", line 175, in create_user
    return self._create_user(username, email, password, **extra_fields)
           ~~~~~~~~~~~~~~~~~^^^^^^^^^^^^^^^^^^^^^^^^^^^^^^^^^^^^^^^^^^^
  File "D:\project\project\env\Lib\site-packages\django\contrib\auth\models.py", line 162, in _create_user
    user = self._create_user_object(username, email, password, **extra_fields)
  File "D:\project\project\env\Lib\site-packages\django\contrib\auth\models.py", line 145, in _create_user_object
    raise ValueError("The given username must be set")
ValueError: The given username must be set
INFO Watching for file changes with StatReloader
INFO Watching for file changes with StatReloader
INFO Watching for file changes with StatReloader
ERROR Internal Server Error: /
Traceback (most recent call last):
  File "D:\project\project\env\Lib\site-packages\django\core\handlers\exception.py", line 55, in inner
    response = get_response(request)
  File "D:\project\project\env\Lib\site-packages\django\core\handlers\base.py", line 198, in _get_response
    response = wrapped_callback(request, *callback_args, **callback_kwargs)
  File "D:\project\project\product\views.py", line 23, in home
    return render(request, 'product/home.html', {
        'categories': categories,
        'products': products
    })
  File "D:\project\project\env\Lib\site-packages\django\shortcuts.py", line 25, in render
    content = loader.render_to_string(template_name, context, request, using=using)
  File "D:\project\project\env\Lib\site-packages\django\template\loader.py", line 61, in render_to_string
    template = get_template(template_name, using=using)
  File "D:\project\project\env\Lib\site-packages\django\template\loader.py", line 15, in get_template
    return engine.get_template(template_name)
           ~~~~~~~~~~~~~~~~~~~^^^^^^^^^^^^^^^
  File "D:\project\project\env\Lib\site-packages\django\template\backends\django.py", line 79, in get_template
    return Template(self.engine.get_template(template_name), self)
                    ~~~~~~~~~~~~~~~~~~~~~~~~^^^^^^^^^^^^^^^
  File "D:\project\project\env\Lib\site-packages\django\template\engine.py", line 186, in get_template
    template, origin = self.find_template(template_name)
                       ~~~~~~~~~~~~~~~~~~^^^^^^^^^^^^^^^
  File "D:\project\project\env\Lib\site-packages\django\template\engine.py", line 159, in find_template
    template = loader.get_template(name, skip=skip)
  File "D:\project\project\env\Lib\site-packages\django\template\loaders\cached.py", line 57, in get_template
    template = super().get_template(template_name, skip)
  File "D:\project\project\env\Lib\site-packages\django\template\loaders\base.py", line 28, in get_template
    return Template(
        contents,
    ...<2 lines>...
        self.engine,
    )
  File "D:\project\project\env\Lib\site-packages\django\template\base.py", line 157, in __init__
    self.nodelist = self.compile_nodelist()
                    ~~~~~~~~~~~~~~~~~~~~~^^
  File "D:\project\project\env\Lib\site-packages\django\template\base.py", line 199, in compile_nodelist
    nodelist = parser.parse()
  File "D:\project\project\env\Lib\site-packages\django\template\base.py", line 585, in parse
    raise self.error(token, e)
  File "D:\project\project\env\Lib\site-packages\django\template\base.py", line 583, in parse
    compiled_result = compile_func(self, token)
  File "D:\project\project\env\Lib\site-packages\django\template\defaulttags.py", line 1559, in url
    viewname = parser.compile_filter(bits[1])
  File "D:\project\project\env\Lib\site-packages\django\template\base.py", line 676, in compile_filter
    return FilterExpression(token, self)
  File "D:\project\project\env\Lib\site-packages\django\template\base.py", line 776, in __init__
    raise TemplateSyntaxError(
    ...<2 lines>...
    )
django.template.exceptions.TemplateSyntaxError: Template: D:\project\project\product\templates\product\home.html, Could not parse the remainder: 'logout''' from '''logout'''
INFO Watching for file changes with StatReloader
INFO D:\project\project\project\views.py changed, reloading.
INFO Watching for file changes with StatReloader
INFO D:\project\project\project\views.py changed, reloading.
INFO Watching for file changes with StatReloader
INFO D:\project\project\project\views.py changed, reloading.
INFO Watching for file changes with StatReloader
WARNING Not Found: /logout/login.html
INFO D:\project\project\project\views.py changed, reloading.
INFO Watching for file changes with StatReloader
WARNING Not Found: /.well-known/appspecific/com.chrome.devtools.json
WARNING Not Found: /.well-known/appspecific/com.chrome.devtools.json
WARNING Forbidden (CSRF token from POST incorrect.): /admin/auth/user/
WARNING Forbidden (CSRF token from POST incorrect.): /admin/auth/user/
WARNING Not Found: /.well-known/appspecific/com.chrome.devtools.json
WARNING Not Found: /.well-known/appspecific/com.chrome.devtools.json
WARNING Not Found: /.well-known/appspecific/com.chrome.devtools.json
WARNING Not Found: /.well-known/appspecific/com.chrome.devtools.json
WARNING Not Found: /.well-known/appspecific/com.chrome.devtools.json
WARNING Not Found: /.well-known/appspecific/com.chrome.devtools.json
WARNING Not Found: /.well-known/appspecific/com.chrome.devtools.json
ERROR Internal Server Error: /
Traceback (most recent call last):
  File "D:\project\project\env\Lib\site-packages\django\core\handlers\exception.py", line 55, in inner
    response = get_response(request)
  File "D:\project\project\env\Lib\site-packages\django\core\handlers\base.py", line 198, in _get_response
    response = wrapped_callback(request, *callback_args, **callback_kwargs)
  File "D:\project\project\product\views.py", line 23, in home
    return render(request, 'product/home.html', {
        'categories': categories,
        'products': products
    })
  File "D:\project\project\env\Lib\site-packages\django\shortcuts.py", line 25, in render
    content = loader.render_to_string(template_name, context, request, using=using)
  File "D:\project\project\env\Lib\site-packages\django\template\loader.py", line 62, in render_to_string
    return template.render(context, request)
           ~~~~~~~~~~~~~~~^^^^^^^^^^^^^^^^^^
  File "D:\project\project\env\Lib\site-packages\django\template\backends\django.py", line 107, in render
    return self.template.render(context)
           ~~~~~~~~~~~~~~~~~~~~^^^^^^^^^
  File "D:\project\project\env\Lib\site-packages\django\template\base.py", line 174, in render
    return self._render(context)
           ~~~~~~~~~~~~^^^^^^^^^
  File "D:\project\project\env\Lib\site-packages\django\template\base.py", line 166, in _render
    return self.nodelist.render(context)
           ~~~~~~~~~~~~~~~~~~~~^^^^^^^^^
  File "D:\project\project\env\Lib\site-packages\django\template\base.py", line 1091, in render
    return SafeString("".join([node.render_annotated(context) for node in self]))
                               ~~~~~~~~~~~~~~~~~~~~~^^^^^^^^^
  File "D:\project\project\env\Lib\site-packages\django\template\base.py", line 1052, in render_annotated
    return self.render(context)
           ~~~~~~~~~~~^^^^^^^^^
  File "D:\project\project\env\Lib\site-packages\django\template\defaulttags.py", line 511, in render
    url = reverse(view_name, args=args, kwargs=kwargs, current_app=current_app)
  File "D:\project\project\env\Lib\site-packages\django\urls\base.py", line 98, in reverse
    resolved_url = resolver._reverse_with_prefix(view, prefix, *args, **kwargs)
  File "D:\project\project\env\Lib\site-packages\django\urls\resolvers.py", line 842, in _reverse_with_prefix
    raise NoReverseMatch(msg)
django.urls.exceptions.NoReverseMatch: Reverse for 'logout' not found. 'logout' is not a valid view function or pattern name.
ERROR Internal Server Error: /
Traceback (most recent call last):
  File "D:\project\project\env\Lib\site-packages\django\core\handlers\exception.py", line 55, in inner
    response = get_response(request)
  File "D:\project\project\env\Lib\site-packages\django\core\handlers\base.py", line 198, in _get_response
    response = wrapped_callback(request, *callback_args, **callback_kwargs)
  File "D:\project\project\product\views.py", line 23, in home
    return render(request, 'product/home.html', {
        'categories': categories,
        'products': products
    })
  File "D:\project\project\env\Lib\site-packages\django\shortcuts.py", line 25, in render
    content = loader.render_to_string(template_name, context, request, using=using)
  File "D:\project\project\env\Lib\site-packages\django\template\loader.py", line 62, in render_to_string
    return template.render(context, request)
           ~~~~~~~~~~~~~~~^^^^^^^^^^^^^^^^^^
  File "D:\project\project\env\Lib\site-packages\django\template\backends\django.py", line 107, in render
    return self.template.render(context)
           ~~~~~~~~~~~~~~~~~~~~^^^^^^^^^
  File "D:\project\project\env\Lib\site-packages\django\template\base.py", line 174, in render
    return self._render(context)
           ~~~~~~~~~~~~^^^^^^^^^
  File "D:\project\project\env\Lib\site-packages\django\template\base.py", line 166, in _render
    return self.nodelist.render(context)
           ~~~~~~~~~~~~~~~~~~~~^^^^^^^^^
  File "D:\project\project\env\Lib\site-packages\django\template\base.py", line 1091, in render
    return SafeString("".join([node.render_annotated(context) for node in self]))
                               ~~~~~~~~~~~~~~~~~~~~~^^^^^^^^^
  File "D:\project\project\env\Lib\site-packages\django\template\base.py", line 1052, in render_annotated
    return self.render(context)
           ~~~~~~~~~~~^^^^^^^^^
  File "D:\project\project\env\Lib\site-packages\django\template\defaulttags.py", line 511, in render
    url = reverse(view_name, args=args, kwargs=kwargs, current_app=current_app)
  File "D:\project\project\env\Lib\site-packages\django\urls\base.py", line 98, in reverse
    resolved_url = resolver._reverse_with_prefix(view, prefix, *args, **kwargs)
  File "D:\project\project\env\Lib\site-packages\django\urls\resolvers.py", line 842, in _reverse_with_prefix
    raise NoReverseMatch(msg)
django.urls.exceptions.NoReverseMatch: Reverse for 'logout' not found. 'logout' is not a valid view function or pattern name.
WARNING Not Found: /.well-known/appspecific/com.chrome.devtools.json
WARNING Not Found: /.well-known/appspecific/com.chrome.devtools.json
WARNING Not Found: /.well-known/appspecific/com.chrome.devtools.json
WARNING Not Found: /.well-known/appspecific/com.chrome.devtools.json
WARNING Not Found: /.well-known/appspecific/com.chrome.devtools.json
WARNING Not Found: /.well-known/appspecific/com.chrome.devtools.json
WARNING Not Found: /.well-known/appspecific/com.chrome.devtools.json
WARNING Not Found: /.well-known/appspecific/com.chrome.devtools.json
INFO Order details | user=Maddy Psyco | product=Strawberry cake | quantity=1 | delivery_date=2026-02-01 | message=uasdlafsouk
INFO Order created | order_id=57 | txnid=TXN3EEEC7223E71 | product=Strawberry cake | amount=550.00 | user_id=20 | username=Maddy Psyco | email=customer@example.com
WARNING Not Found: /.well-known/appspecific/com.chrome.devtools.json
INFO Order created | order_id=57 | txnid=TXNF23209E072FA | product=Strawberry cake | amount=550.00 | user_id=20 | username=Maddy Psyco | email=customer@example.com
WARNING Not Found: /.well-known/appspecific/com.chrome.devtools.json
WARNING Not Found: /.well-known/appspecific/com.chrome.devtools.json
WARNING Not Found: /.well-known/appspecific/com.chrome.devtools.json
WARNING Not Found: /.well-known/appspecific/com.chrome.devtools.json
WARNING Not Found: /.well-known/appspecific/com.chrome.devtools.json
WARNING Not Found: /.well-known/appspecific/com.chrome.devtools.json
INFO Watching for file changes with StatReloader
INFO Watching for file changes with StatReloader
INFO Watching for file changes with StatReloader
INFO D:\project\project\project\views.py changed, reloading.
INFO Watching for file changes with StatReloader
INFO D:\project\project\project\views.py changed, reloading.
INFO Watching for file changes with StatReloader
INFO D:\project\project\project\urls.py changed, reloading.
INFO Watching for file changes with StatReloader
INFO Watching for file changes with StatReloader
INFO D:\project\project\project\urls.py changed, reloading.
INFO Watching for file changes with StatReloader
INFO Watching for file changes with StatReloader
INFO D:\project\project\app\views.py changed, reloading.
INFO Watching for file changes with StatReloader
INFO D:\project\project\app\views.py changed, reloading.
INFO Watching for file changes with StatReloader
INFO D:\project\project\app\views.py changed, reloading.
INFO Watching for file changes with StatReloader
INFO D:\project\project\project\urls.py changed, reloading.
INFO Watching for file changes with StatReloader
INFO D:\project\project\project\views.py changed, reloading.
INFO Watching for file changes with StatReloader
INFO D:\project\project\project\views.py changed, reloading.
INFO Watching for file changes with StatReloader
INFO D:\project\project\project\views.py changed, reloading.
INFO Watching for file changes with StatReloader
INFO D:\project\project\project\views.py changed, reloading.
INFO Watching for file changes with StatReloader
INFO D:\project\project\project\views.py changed, reloading.
INFO Watching for file changes with StatReloader
INFO Watching for file changes with StatReloader
INFO Watching for file changes with StatReloader
INFO Watching for file changes with StatReloader
INFO Watching for file changes with StatReloader
INFO D:\project\project\app\apps.py changed, reloading.
INFO Watching for file changes with StatReloader
INFO Watching for file changes with StatReloader
INFO Watching for file changes with StatReloader
INFO Watching for file changes with StatReloader
INFO Watching for file changes with StatReloader
INFO D:\project\project\project\urls.py changed, reloading.
INFO Watching for file changes with StatReloader
INFO Watching for file changes with StatReloader
INFO Watching for file changes with StatReloader
INFO Watching for file changes with StatReloader
WARNING Not Found: /favicon.ico
INFO D:\project\project\product\utils.py changed, reloading.
INFO Watching for file changes with StatReloader
INFO D:\project\project\project\settings.py changed, reloading.
INFO Watching for file changes with StatReloader
INFO D:\project\project\product\email_utils.py changed, reloading.
INFO Watching for file changes with StatReloader
INFO D:\project\project\product\email_utils.py changed, reloading.
INFO Watching for file changes with StatReloader
INFO Watching for file changes with StatReloader
INFO D:\project\project\product\views.py changed, reloading.
INFO Watching for file changes with StatReloader
INFO D:\project\project\product\views.py changed, reloading.
INFO Watching for file changes with StatReloader
INFO D:\project\project\product\views.py changed, reloading.
INFO Watching for file changes with StatReloader
INFO D:\project\project\app\views.py changed, reloading.
INFO Watching for file changes with StatReloader
INFO D:\project\project\app\views.py changed, reloading.
INFO Watching for file changes with StatReloader
ERROR Internal Server Error: /student/signup/
Traceback (most recent call last):
  File "D:\project\env\Lib\site-packages\django\core\handlers\exception.py", line 55, in inner
    response = get_response(request)
  File "D:\project\env\Lib\site-packages\django\core\handlers\base.py", line 197, in _get_response
    response = wrapped_callback(request, *callback_args, **callback_kwargs)
  File "D:\project\project\app\views.py", line 18, in signup
    EmailOTP.objects.update_or_create(
    ~~~~~~~~~~~~~~~~~~~~~~~~~~~~~~~~~^
        email=email,
        ^^^^^^^^^^^^
        defaults={"otp": otp}
        ^^^^^^^^^^^^^^^^^^^^^
    )
    ^
  File "D:\project\env\Lib\site-packages\django\db\models\manager.py", line 87, in manager_method
    return getattr(self.get_queryset(), name)(*args, **kwargs)
           ~~~~~~~~~~~~~~~~~~~~~~~~~~~~~~~~~~^^^^^^^^^^^^^^^^^
  File "D:\project\env\Lib\site-packages\django\db\models\query.py", line 990, in update_or_create
    obj, created = self.select_for_update().get_or_create(
                   ~~~~~~~~~~~~~~~~~~~~~~~~~~~~~~~~~~~~~~^
        create_defaults, **kwargs
        ^^^^^^^^^^^^^^^^^^^^^^^^^
    )
    ^
  File "D:\project\env\Lib\site-packages\django\db\models\query.py", line 948, in get_or_create
    return self.get(**kwargs), False
           ~~~~~~~~^^^^^^^^^^
  File "D:\project\env\Lib\site-packages\django\db\models\query.py", line 638, in get
    raise self.model.MultipleObjectsReturned(
    ...<5 lines>...
    )
product.models.EmailOTP.MultipleObjectsReturned: get() returned more than one EmailOTP -- it returned 8!
INFO D:\project\project\app\views.py changed, reloading.
INFO Watching for file changes with StatReloader
INFO D:\project\project\app\views.py changed, reloading.
INFO Watching for file changes with StatReloader
INFO D:\project\project\app\views.py changed, reloading.
INFO Watching for file changes with StatReloader
INFO Watching for file changes with StatReloader
ERROR Internal Server Error: /student/signup/
Traceback (most recent call last):
  File "D:\project\env\Lib\site-packages\django\core\handlers\exception.py", line 55, in inner
    response = get_response(request)
  File "D:\project\env\Lib\site-packages\django\core\handlers\base.py", line 197, in _get_response
    response = wrapped_callback(request, *callback_args, **callback_kwargs)
  File "D:\project\project\app\views.py", line 22, in signup
    "expires_at": expiry
                  ^^^^^^
NameError: name 'expiry' is not defined
INFO D:\project\project\app\views.py changed, reloading.
INFO Watching for file changes with StatReloader
INFO D:\project\project\app\views.py changed, reloading.
INFO Watching for file changes with StatReloader
INFO D:\project\project\app\views.py changed, reloading.
INFO Watching for file changes with StatReloader
ERROR Internal Server Error: /student/signup/
Traceback (most recent call last):
  File "D:\project\env\Lib\site-packages\django\core\handlers\exception.py", line 55, in inner
    response = get_response(request)
  File "D:\project\env\Lib\site-packages\django\core\handlers\base.py", line 197, in _get_response
    response = wrapped_callback(request, *callback_args, **callback_kwargs)
  File "D:\project\project\app\views.py", line 12, in signup
    expiry=get_expiry()
           ^^^^^^^^^^
NameError: name 'get_expiry' is not defined
INFO D:\project\project\app\views.py changed, reloading.
INFO Watching for file changes with StatReloader
INFO D:\project\project\app\views.py changed, reloading.
INFO Watching for file changes with StatReloader
INFO D:\project\project\app\views.py changed, reloading.
INFO Watching for file changes with StatReloader
INFO D:\project\project\app\views.py changed, reloading.
INFO Watching for file changes with StatReloader
INFO D:\project\project\app\views.py changed, reloading.
INFO Watching for file changes with StatReloader
INFO D:\project\project\app\views.py changed, reloading.
INFO Watching for file changes with StatReloader
INFO D:\project\project\app\views.py changed, reloading.
INFO Watching for file changes with StatReloader
INFO D:\project\project\app\views.py changed, reloading.
INFO Watching for file changes with StatReloader
INFO D:\project\project\app\views.py changed, reloading.
INFO Watching for file changes with StatReloader
INFO D:\project\project\app\views.py changed, reloading.
INFO Watching for file changes with StatReloader
INFO D:\project\project\app\views.py changed, reloading.
INFO Watching for file changes with StatReloader
INFO D:\project\project\app\views.py changed, reloading.
INFO Watching for file changes with StatReloader
INFO D:\project\project\app\views.py changed, reloading.
INFO Watching for file changes with StatReloader
INFO D:\project\project\app\views.py changed, reloading.
INFO Watching for file changes with StatReloader
INFO D:\project\project\staff\views.py changed, reloading.
INFO Watching for file changes with StatReloader
INFO D:\project\project\staff\views.py changed, reloading.
INFO Watching for file changes with StatReloader
INFO D:\project\project\product\email_utils.py changed, reloading.
INFO Watching for file changes with StatReloader
INFO Watching for file changes with StatReloader
INFO D:\project\project\app\views.py changed, reloading.
INFO Watching for file changes with StatReloader
INFO D:\project\project\app\views.py changed, reloading.
INFO Watching for file changes with StatReloader
INFO D:\project\project\app\views.py changed, reloading.
INFO Watching for file changes with StatReloader
INFO D:\project\project\app\urls.py changed, reloading.
INFO Watching for file changes with StatReloader
INFO D:\project\project\app\urls.py changed, reloading.
INFO Watching for file changes with StatReloader
INFO D:\project\project\app\urls.py changed, reloading.
INFO Watching for file changes with StatReloader
ERROR Internal Server Error: /my_order/
Traceback (most recent call last):
  File "D:\project\env\Lib\site-packages\django\db\models\fields\__init__.py", line 2128, in get_prep_value
    return int(value)
TypeError: int() argument must be a string, a bytes-like object or a real number, not 'SimpleLazyObject'

The above exception was the direct cause of the following exception:

Traceback (most recent call last):
  File "D:\project\env\Lib\site-packages\django\core\handlers\exception.py", line 55, in inner
    response = get_response(request)
  File "D:\project\env\Lib\site-packages\django\core\handlers\base.py", line 197, in _get_response
    response = wrapped_callback(request, *callback_args, **callback_kwargs)
  File "D:\project\project\product\views.py", line 302, in my_order
    orders=Order.objects.filter(user=request.user)
  File "D:\project\env\Lib\site-packages\django\db\models\manager.py", line 87, in manager_method
    return getattr(self.get_queryset(), name)(*args, **kwargs)
           ~~~~~~~~~~~~~~~~~~~~~~~~~~~~~~~~~~^^^^^^^^^^^^^^^^^
  File "D:\project\env\Lib\site-packages\django\db\models\query.py", line 1495, in filter
    return self._filter_or_exclude(False, args, kwargs)
           ~~~~~~~~~~~~~~~~~~~~~~~^^^^^^^^^^^^^^^^^^^^^
  File "D:\project\env\Lib\site-packages\django\db\models\query.py", line 1513, in _filter_or_exclude
    clone._filter_or_exclude_inplace(negate, args, kwargs)
    ~~~~~~~~~~~~~~~~~~~~~~~~~~~~~~~~^^^^^^^^^^^^^^^^^^^^^^
  File "D:\project\env\Lib\site-packages\django\db\models\query.py", line 1523, in _filter_or_exclude_inplace
    self._query.add_q(Q(*args, **kwargs))
    ~~~~~~~~~~~~~~~~~^^^^^^^^^^^^^^^^^^^^
  File "D:\project\env\Lib\site-packages\django\db\models\sql\query.py", line 1646, in add_q
    clause, _ = self._add_q(q_object, can_reuse)
                ~~~~~~~~~~~^^^^^^^^^^^^^^^^^^^^^
  File "D:\project\env\Lib\site-packages\django\db\models\sql\query.py", line 1678, in _add_q
    child_clause, needed_inner = self.build_filter(
                                 ~~~~~~~~~~~~~~~~~^
        child,
        ^^^^^^
    ...<7 lines>...
        update_join_types=update_join_types,
        ^^^^^^^^^^^^^^^^^^^^^^^^^^^^^^^^^^^^
    )
    ^
  File "D:\project\env\Lib\site-packages\django\db\models\sql\query.py", line 1588, in build_filter
    condition = self.build_lookup(lookups, col, value)
  File "D:\project\env\Lib\site-packages\django\db\models\sql\query.py", line 1415, in build_lookup
    lookup = lookup_class(lhs, rhs)
  File "D:\project\env\Lib\site-packages\django\db\models\lookups.py", line 38, in __init__
    self.rhs = self.get_prep_lookup()
               ~~~~~~~~~~~~~~~~~~~~^^
  File "D:\project\env\Lib\site-packages\django\db\models\fields\related_lookups.py", line 112, in get_prep_lookup
    self.rhs = target_field.get_prep_value(self.rhs)
               ~~~~~~~~~~~~~~~~~~~~~~~~~~~^^^^^^^^^^
  File "D:\project\env\Lib\site-packages\django\db\models\fields\__init__.py", line 2130, in get_prep_value
    raise e.__class__(
        "Field '%s' expected a number but got %r." % (self.name, value),
    ) from e
TypeError: Field 'id' expected a number but got <SimpleLazyObject: <django.contrib.auth.models.AnonymousUser object at 0x0000015FEFB81910>>.
INFO D:\project\project\app\views.py changed, reloading.
INFO Watching for file changes with StatReloader
INFO D:\project\project\app\views.py changed, reloading.
INFO Watching for file changes with StatReloader
INFO D:\project\project\app\urls.py changed, reloading.
INFO Watching for file changes with StatReloader
INFO D:\project\project\app\urls.py changed, reloading.
INFO Watching for file changes with StatReloader
INFO Watching for file changes with StatReloader
INFO Watching for file changes with StatReloader
WARNING Not Found: /favicon.ico
INFO D:\project\project\product\email_utils.py changed, reloading.
INFO Watching for file changes with StatReloader
INFO D:\project\project\product\email_utils.py changed, reloading.
INFO Watching for file changes with StatReloader
INFO D:\project\project\project\settings.py changed, reloading.
INFO Watching for file changes with StatReloader
INFO D:\project\project\project\settings.py changed, reloading.
INFO Watching for file changes with StatReloader
INFO D:\project\project\project\settings.py changed, reloading.
INFO Watching for file changes with StatReloader
INFO D:\project\project\project\settings.py changed, reloading.
INFO Watching for file changes with StatReloader
INFO D:\project\project\project\settings.py changed, reloading.
INFO Watching for file changes with StatReloader
ERROR Internal Server Error: /signup/
Traceback (most recent call last):
  File "D:\project\env\Lib\site-packages\django\core\handlers\exception.py", line 55, in inner
    response = get_response(request)
  File "D:\project\env\Lib\site-packages\django\core\handlers\base.py", line 197, in _get_response
    response = wrapped_callback(request, *callback_args, **callback_kwargs)
  File "D:\project\project\app\views.py", line 30, in signup
    send_otp_email(email, otp)
    ~~~~~~~~~~~~~~^^^^^^^^^^^^
  File "D:\project\project\product\email_utils.py", line 19, in send_otp_email
    email.send()
    ~~~~~~~~~~^^
  File "D:\project\env\Lib\site-packages\django\core\mail\message.py", line 307, in send
    return self.get_connection(fail_silently).send_messages([self])
           ~~~~~~~~~~~~~~~~~~~~~~~~~~~~~~~~~~~~~~~~~~~~~~~~^^^^^^^^
  File "D:\project\env\Lib\site-packages\django\core\mail\backends\smtp.py", line 128, in send_messages
    new_conn_created = self.open()
  File "D:\project\env\Lib\site-packages\django\core\mail\backends\smtp.py", line 95, in open
    self.connection.login(self.username, self.password)
    ~~~~~~~~~~~~~~~~~~~~~^^^^^^^^^^^^^^^^^^^^^^^^^^^^^^
  File "C:\Program Files\Python313\Lib\smtplib.py", line 750, in login
    raise last_exception
  File "C:\Program Files\Python313\Lib\smtplib.py", line 739, in login
    (code, resp) = self.auth(
                   ~~~~~~~~~^
        authmethod, getattr(self, method_name),
        ^^^^^^^^^^^^^^^^^^^^^^^^^^^^^^^^^^^^^^^
        initial_response_ok=initial_response_ok)
        ^^^^^^^^^^^^^^^^^^^^^^^^^^^^^^^^^^^^^^^^
  File "C:\Program Files\Python313\Lib\smtplib.py", line 662, in auth
    raise SMTPAuthenticationError(code, resp)
smtplib.SMTPAuthenticationError: (535, b'5.7.8 Username and Password not accepted. For more information, go to\n5.7.8  https://support.google.com/mail/?p=BadCredentials 41be03b00d2f7-c4cc8d2932bsm12478902a12.21 - gsmtp')
INFO D:\project\project\project\settings.py changed, reloading.
INFO Watching for file changes with StatReloader
INFO D:\project\project\project\settings.py changed, reloading.
INFO Watching for file changes with StatReloader
INFO D:\project\project\project\settings.py changed, reloading.
INFO Watching for file changes with StatReloader
INFO D:\project\project\project\settings.py changed, reloading.
INFO Watching for file changes with StatReloader
INFO D:\project\project\project\settings.py changed, reloading.
INFO Watching for file changes with StatReloader
INFO D:\project\project\product\views.py changed, reloading.
INFO Watching for file changes with StatReloader
INFO D:\project\project\product\email_utils.py changed, reloading.
INFO Watching for file changes with StatReloader
ERROR Internal Server Error: /signup/
Traceback (most recent call last):
  File "D:\project\env\Lib\site-packages\django\core\handlers\exception.py", line 55, in inner
    response = get_response(request)
  File "D:\project\env\Lib\site-packages\django\core\handlers\base.py", line 197, in _get_response
    response = wrapped_callback(request, *callback_args, **callback_kwargs)
  File "D:\project\project\app\views.py", line 30, in signup
    send_otp_email(email, otp)
    ~~~~~~~~~~~~~~^^^^^^^^^^^^
  File "D:\project\project\product\email_utils.py", line 9, in send_otp_email
    html_message = render_to_string("otp_login.html", )
  File "D:\project\env\Lib\site-packages\django\template\loader.py", line 61, in render_to_string
    template = get_template(template_name, using=using)
  File "D:\project\env\Lib\site-packages\django\template\loader.py", line 19, in get_template
    raise TemplateDoesNotExist(template_name, chain=chain)
django.template.exceptions.TemplateDoesNotExist: otp_login.html
INFO D:\project\project\product\email_utils.py changed, reloading.
INFO Watching for file changes with StatReloader
ERROR Internal Server Error: /signup/
Traceback (most recent call last):
  File "D:\project\env\Lib\site-packages\django\core\handlers\exception.py", line 55, in inner
    response = get_response(request)
  File "D:\project\env\Lib\site-packages\django\core\handlers\base.py", line 197, in _get_response
    response = wrapped_callback(request, *callback_args, **callback_kwargs)
  File "D:\project\project\app\views.py", line 30, in signup
    send_otp_email(email, otp)
    ~~~~~~~~~~~~~~^^^^^^^^^^^^
  File "D:\project\project\product\email_utils.py", line 9, in send_otp_email
    html_message = render_to_string("product:otp_login.html", )
  File "D:\project\env\Lib\site-packages\django\template\loader.py", line 61, in render_to_string
    template = get_template(template_name, using=using)
  File "D:\project\env\Lib\site-packages\django\template\loader.py", line 19, in get_template
    raise TemplateDoesNotExist(template_name, chain=chain)
django.template.exceptions.TemplateDoesNotExist: product:otp_login.html
INFO D:\project\project\product\email_utils.py changed, reloading.
INFO Watching for file changes with StatReloader
INFO D:\project\project\product\email_utils.py changed, reloading.
INFO Watching for file changes with StatReloader
INFO D:\project\project\product\email_utils.py changed, reloading.
INFO Watching for file changes with StatReloader
INFO D:\project\project\product\email_utils.py changed, reloading.
INFO Watching for file changes with StatReloader
ERROR Internal Server Error: /signup/
Traceback (most recent call last):
  File "D:\project\env\Lib\site-packages\django\core\handlers\exception.py", line 55, in inner
    response = get_response(request)
  File "D:\project\env\Lib\site-packages\django\core\handlers\base.py", line 197, in _get_response
    response = wrapped_callback(request, *callback_args, **callback_kwargs)
  File "D:\project\project\app\views.py", line 30, in signup
    send_otp_email(email, otp)
    ~~~~~~~~~~~~~~^^^^^^^^^^^^
  File "D:\project\project\product\email_utils.py", line 9, in send_otp_email
    html_message = render_to_string(
        "emails/otp_email.html",
        {"otp": otp}
    )
  File "D:\project\env\Lib\site-packages\django\template\loader.py", line 61, in render_to_string
    template = get_template(template_name, using=using)
  File "D:\project\env\Lib\site-packages\django\template\loader.py", line 19, in get_template
    raise TemplateDoesNotExist(template_name, chain=chain)
django.template.exceptions.TemplateDoesNotExist: emails/otp_email.html
INFO D:\project\project\product\email_utils.py changed, reloading.
INFO Watching for file changes with StatReloader
ERROR Internal Server Error: /signup/
Traceback (most recent call last):
  File "D:\project\env\Lib\site-packages\django\core\handlers\exception.py", line 55, in inner
    response = get_response(request)
  File "D:\project\env\Lib\site-packages\django\core\handlers\base.py", line 197, in _get_response
    response = wrapped_callback(request, *callback_args, **callback_kwargs)
  File "D:\project\project\app\views.py", line 30, in signup
    send_otp_email(email, otp)
    ~~~~~~~~~~~~~~^^^^^^^^^^^^
  File "D:\project\project\product\email_utils.py", line 9, in send_otp_email
    html_message = render_to_string(
        "product/otp_email.html",
        {"otp": otp}
    )
  File "D:\project\env\Lib\site-packages\django\template\loader.py", line 61, in render_to_string
    template = get_template(template_name, using=using)
  File "D:\project\env\Lib\site-packages\django\template\loader.py", line 19, in get_template
    raise TemplateDoesNotExist(template_name, chain=chain)
django.template.exceptions.TemplateDoesNotExist: product/otp_email.html
INFO Watching for file changes with StatReloader
INFO Watching for file changes with StatReloader
INFO Watching for file changes with StatReloader
INFO Watching for file changes with StatReloader
WARNING Not Found: /favicon.ico
INFO D:\project\project\product\admin.py changed, reloading.
INFO Watching for file changes with StatReloader
INFO D:\project\project\product\admin.py changed, reloading.
INFO Watching for file changes with StatReloader
INFO D:\project\project\product\admin.py changed, reloading.
INFO Watching for file changes with StatReloader
INFO D:\project\project\product\admin.py changed, reloading.
INFO Watching for file changes with StatReloader
INFO D:\project\project\product\admin.py changed, reloading.
INFO Watching for file changes with StatReloader
INFO D:\project\project\product\admin.py changed, reloading.
INFO Watching for file changes with StatReloader
INFO D:\project\project\product\admin.py changed, reloading.
INFO Watching for file changes with StatReloader
INFO D:\project\project\product\admin.py changed, reloading.
INFO Watching for file changes with StatReloader
INFO D:\project\project\product\admin.py changed, reloading.
INFO Watching for file changes with StatReloader
INFO D:\project\project\product\admin.py changed, reloading.
INFO Watching for file changes with StatReloader
INFO D:\project\project\product\admin.py changed, reloading.
INFO Watching for file changes with StatReloader
INFO D:\project\project\product\admin.py changed, reloading.
INFO Watching for file changes with StatReloader
INFO D:\project\project\product\admin.py changed, reloading.
INFO Watching for file changes with StatReloader
INFO D:\project\project\product\admin.py changed, reloading.
INFO Watching for file changes with StatReloader
INFO D:\project\project\product\admin.py changed, reloading.
INFO Watching for file changes with StatReloader
INFO D:\project\project\product\admin.py changed, reloading.
INFO Watching for file changes with StatReloader
INFO D:\project\project\product\admin.py changed, reloading.
INFO Watching for file changes with StatReloader
INFO D:\project\project\product\admin.py changed, reloading.
INFO Watching for file changes with StatReloader
INFO D:\project\project\product\admin.py changed, reloading.
INFO Watching for file changes with StatReloader
INFO D:\project\project\product\admin.py changed, reloading.
INFO Watching for file changes with StatReloader
INFO D:\project\project\product\admin.py changed, reloading.
INFO Watching for file changes with StatReloader
INFO D:\project\project\product\admin.py changed, reloading.
INFO Watching for file changes with StatReloader
INFO D:\project\project\product\admin.py changed, reloading.
INFO Watching for file changes with StatReloader
INFO D:\project\project\product\views.py changed, reloading.
INFO Watching for file changes with StatReloader
INFO Watching for file changes with StatReloader
WARNING Not Found: /favicon.ico
INFO D:\project\project\app\views.py changed, reloading.
INFO Watching for file changes with StatReloader
INFO D:\project\project\app\views.py changed, reloading.
INFO Watching for file changes with StatReloader
INFO D:\project\project\app\views.py changed, reloading.
INFO Watching for file changes with StatReloader
INFO D:\project\project\app\views.py changed, reloading.
INFO Watching for file changes with StatReloader
INFO D:\project\project\app\views.py changed, reloading.
INFO Watching for file changes with StatReloader
INFO D:\project\project\app\views.py changed, reloading.
INFO Watching for file changes with StatReloader
INFO D:\project\project\app\views.py changed, reloading.
INFO Watching for file changes with StatReloader
INFO D:\project\project\project\views.py changed, reloading.
INFO Watching for file changes with StatReloader
INFO D:\project\project\project\views.py changed, reloading.
INFO Watching for file changes with StatReloader
INFO D:\project\project\project\views.py changed, reloading.
INFO Watching for file changes with StatReloader
INFO D:\project\project\project\views.py changed, reloading.
INFO Watching for file changes with StatReloader
INFO D:\project\project\project\views.py changed, reloading.
INFO Watching for file changes with StatReloader
INFO D:\project\project\project\views.py changed, reloading.
INFO Watching for file changes with StatReloader
INFO D:\project\project\project\views.py changed, reloading.
INFO Watching for file changes with StatReloader
INFO D:\project\project\project\views.py changed, reloading.
INFO Watching for file changes with StatReloader
INFO D:\project\project\project\views.py changed, reloading.
INFO Watching for file changes with StatReloader
INFO D:\project\project\project\views.py changed, reloading.
INFO Watching for file changes with StatReloader
INFO D:\project\project\project\views.py changed, reloading.
INFO Watching for file changes with StatReloader
INFO D:\project\project\project\views.py changed, reloading.
INFO Watching for file changes with StatReloader
INFO D:\project\project\project\views.py changed, reloading.
INFO Watching for file changes with StatReloader
INFO D:\project\project\project\views.py changed, reloading.
INFO Watching for file changes with StatReloader
INFO D:\project\project\project\views.py changed, reloading.
INFO Watching for file changes with StatReloader
INFO D:\project\project\project\views.py changed, reloading.
INFO Watching for file changes with StatReloader
INFO D:\project\project\project\views.py changed, reloading.
INFO Watching for file changes with StatReloader
INFO D:\project\project\project\views.py changed, reloading.
INFO Watching for file changes with StatReloader
INFO D:\project\project\project\views.py changed, reloading.
INFO Watching for file changes with StatReloader
INFO D:\project\project\project\views.py changed, reloading.
INFO Watching for file changes with StatReloader
INFO D:\project\project\project\views.py changed, reloading.
INFO Watching for file changes with StatReloader
INFO D:\project\project\project\views.py changed, reloading.
INFO Watching for file changes with StatReloader
INFO D:\project\project\project\views.py changed, reloading.
INFO Watching for file changes with StatReloader
INFO D:\project\project\project\views.py changed, reloading.
INFO Watching for file changes with StatReloader
INFO D:\project\project\project\views.py changed, reloading.
INFO Watching for file changes with StatReloader
INFO D:\project\project\project\views.py changed, reloading.
INFO Watching for file changes with StatReloader
INFO D:\project\project\project\views.py changed, reloading.
INFO Watching for file changes with StatReloader
INFO D:\project\project\project\views.py changed, reloading.
INFO Watching for file changes with StatReloader
INFO D:\project\project\project\views.py changed, reloading.
INFO Watching for file changes with StatReloader
INFO D:\project\project\project\views.py changed, reloading.
INFO Watching for file changes with StatReloader
INFO D:\project\project\project\views.py changed, reloading.
INFO Watching for file changes with StatReloader
INFO D:\project\project\project\views.py changed, reloading.
INFO Watching for file changes with StatReloader
INFO D:\project\project\project\views.py changed, reloading.
INFO Watching for file changes with StatReloader
INFO D:\project\project\project\views.py changed, reloading.
INFO Watching for file changes with StatReloader
INFO D:\project\project\project\views.py changed, reloading.
INFO Watching for file changes with StatReloader
INFO D:\project\project\project\views.py changed, reloading.
INFO Watching for file changes with StatReloader
INFO D:\project\project\product\services.py changed, reloading.
INFO Watching for file changes with StatReloader
INFO D:\project\project\product\views.py changed, reloading.
INFO Watching for file changes with StatReloader
INFO D:\project\project\project\settings.py changed, reloading.
INFO Watching for file changes with StatReloader
INFO D:\project\project\project\settings.py changed, reloading.
INFO Watching for file changes with StatReloader
INFO D:\project\project\project\settings.py changed, reloading.
INFO Watching for file changes with StatReloader
INFO D:\project\project\product\views.py changed, reloading.
INFO Watching for file changes with StatReloader
WARNING Not Found: /media/product/default.jpg
WARNING Not Found: /media/product/default.jpg
WARNING Not Found: /media/product/default.jpg
INFO Watching for file changes with StatReloader
WARNING Not Found: /favicon.ico
ERROR Internal Server Error: /my_order/
Traceback (most recent call last):
  File "D:\project\project\env\Lib\site-packages\django\db\models\fields\__init__.py", line 2128, in get_prep_value
    return int(value)
TypeError: int() argument must be a string, a bytes-like object or a real number, not 'SimpleLazyObject'

The above exception was the direct cause of the following exception:

Traceback (most recent call last):
  File "D:\project\project\env\Lib\site-packages\django\core\handlers\exception.py", line 55, in inner
    response = get_response(request)
  File "D:\project\project\env\Lib\site-packages\django\core\handlers\base.py", line 198, in _get_response
    response = wrapped_callback(request, *callback_args, **callback_kwargs)
  File "D:\project\project\product\views.py", line 309, in my_order
    orders=Order.objects.filter(user=request.user)
  File "D:\project\project\env\Lib\site-packages\django\db\models\manager.py", line 87, in manager_method
    return getattr(self.get_queryset(), name)(*args, **kwargs)
           ~~~~~~~~~~~~~~~~~~~~~~~~~~~~~~~~~~^^^^^^^^^^^^^^^^^
  File "D:\project\project\env\Lib\site-packages\django\db\models\query.py", line 1542, in filter
    return self._filter_or_exclude(False, args, kwargs)
           ~~~~~~~~~~~~~~~~~~~~~~~^^^^^^^^^^^^^^^^^^^^^
  File "D:\project\project\env\Lib\site-packages\django\db\models\query.py", line 1560, in _filter_or_exclude
    clone._filter_or_exclude_inplace(negate, args, kwargs)
    ~~~~~~~~~~~~~~~~~~~~~~~~~~~~~~~~^^^^^^^^^^^^^^^^^^^^^^
  File "D:\project\project\env\Lib\site-packages\django\db\models\query.py", line 1570, in _filter_or_exclude_inplace
    self._query.add_q(Q(*args, **kwargs))
    ~~~~~~~~~~~~~~~~~^^^^^^^^^^^^^^^^^^^^
  File "D:\project\project\env\Lib\site-packages\django\db\models\sql\query.py", line 1671, in add_q
    clause, _ = self._add_q(q_object, can_reuse)
                ~~~~~~~~~~~^^^^^^^^^^^^^^^^^^^^^
  File "D:\project\project\env\Lib\site-packages\django\db\models\sql\query.py", line 1703, in _add_q
    child_clause, needed_inner = self.build_filter(
                                 ~~~~~~~~~~~~~~~~~^
        child,
        ^^^^^^
    ...<7 lines>...
        update_join_types=update_join_types,
        ^^^^^^^^^^^^^^^^^^^^^^^^^^^^^^^^^^^^
    )
    ^
  File "D:\project\project\env\Lib\site-packages\django\db\models\sql\query.py", line 1613, in build_filter
    condition = self.build_lookup(lookups, col, value)
  File "D:\project\project\env\Lib\site-packages\django\db\models\sql\query.py", line 1440, in build_lookup
    lookup = lookup_class(lhs, rhs)
  File "D:\project\project\env\Lib\site-packages\django\db\models\lookups.py", line 35, in __init__
    self.rhs = self.get_prep_lookup()
               ~~~~~~~~~~~~~~~~~~~~^^
  File "D:\project\project\env\Lib\site-packages\django\db\models\fields\related_lookups.py", line 113, in get_prep_lookup
    self.rhs = target_field.get_prep_value(self.rhs)
               ~~~~~~~~~~~~~~~~~~~~~~~~~~~^^^^^^^^^^
  File "D:\project\project\env\Lib\site-packages\django\db\models\fields\__init__.py", line 2130, in get_prep_value
    raise e.__class__(
        "Field '%s' expected a number but got %r." % (self.name, value),
    ) from e
TypeError: Field 'id' expected a number but got <SimpleLazyObject: <django.contrib.auth.models.AnonymousUser object at 0x000001EA9FE47BB0>>.
ERROR Internal Server Error: /my_order/
Traceback (most recent call last):
  File "D:\project\project\env\Lib\site-packages\django\db\models\fields\__init__.py", line 2128, in get_prep_value
    return int(value)
TypeError: int() argument must be a string, a bytes-like object or a real number, not 'SimpleLazyObject'

The above exception was the direct cause of the following exception:

Traceback (most recent call last):
  File "D:\project\project\env\Lib\site-packages\django\core\handlers\exception.py", line 55, in inner
    response = get_response(request)
  File "D:\project\project\env\Lib\site-packages\django\core\handlers\base.py", line 198, in _get_response
    response = wrapped_callback(request, *callback_args, **callback_kwargs)
  File "D:\project\project\product\views.py", line 309, in my_order
    orders=Order.objects.filter(user=request.user)
  File "D:\project\project\env\Lib\site-packages\django\db\models\manager.py", line 87, in manager_method
    return getattr(self.get_queryset(), name)(*args, **kwargs)
           ~~~~~~~~~~~~~~~~~~~~~~~~~~~~~~~~~~^^^^^^^^^^^^^^^^^
  File "D:\project\project\env\Lib\site-packages\django\db\models\query.py", line 1542, in filter
    return self._filter_or_exclude(False, args, kwargs)
           ~~~~~~~~~~~~~~~~~~~~~~~^^^^^^^^^^^^^^^^^^^^^
  File "D:\project\project\env\Lib\site-packages\django\db\models\query.py", line 1560, in _filter_or_exclude
    clone._filter_or_exclude_inplace(negate, args, kwargs)
    ~~~~~~~~~~~~~~~~~~~~~~~~~~~~~~~~^^^^^^^^^^^^^^^^^^^^^^
  File "D:\project\project\env\Lib\site-packages\django\db\models\query.py", line 1570, in _filter_or_exclude_inplace
    self._query.add_q(Q(*args, **kwargs))
    ~~~~~~~~~~~~~~~~~^^^^^^^^^^^^^^^^^^^^
  File "D:\project\project\env\Lib\site-packages\django\db\models\sql\query.py", line 1671, in add_q
    clause, _ = self._add_q(q_object, can_reuse)
                ~~~~~~~~~~~^^^^^^^^^^^^^^^^^^^^^
  File "D:\project\project\env\Lib\site-packages\django\db\models\sql\query.py", line 1703, in _add_q
    child_clause, needed_inner = self.build_filter(
                                 ~~~~~~~~~~~~~~~~~^
        child,
        ^^^^^^
    ...<7 lines>...
        update_join_types=update_join_types,
        ^^^^^^^^^^^^^^^^^^^^^^^^^^^^^^^^^^^^
    )
    ^
  File "D:\project\project\env\Lib\site-packages\django\db\models\sql\query.py", line 1613, in build_filter
    condition = self.build_lookup(lookups, col, value)
  File "D:\project\project\env\Lib\site-packages\django\db\models\sql\query.py", line 1440, in build_lookup
    lookup = lookup_class(lhs, rhs)
  File "D:\project\project\env\Lib\site-packages\django\db\models\lookups.py", line 35, in __init__
    self.rhs = self.get_prep_lookup()
               ~~~~~~~~~~~~~~~~~~~~^^
  File "D:\project\project\env\Lib\site-packages\django\db\models\fields\related_lookups.py", line 113, in get_prep_lookup
    self.rhs = target_field.get_prep_value(self.rhs)
               ~~~~~~~~~~~~~~~~~~~~~~~~~~~^^^^^^^^^^
  File "D:\project\project\env\Lib\site-packages\django\db\models\fields\__init__.py", line 2130, in get_prep_value
    raise e.__class__(
        "Field '%s' expected a number but got %r." % (self.name, value),
    ) from e
TypeError: Field 'id' expected a number but got <SimpleLazyObject: <django.contrib.auth.models.AnonymousUser object at 0x000001EA9FCA7A80>>.
WARNING Not Found: /home
WARNING Not Found: /media/product/caramel_brownie.jpg
WARNING Not Found: /media/product/caramel_brownie.jpg
WARNING Not Found: /media/product/caramel_brownie.jpg
INFO Order details | user=Pavi7949 | product=Classic Fudge Brownie | quantity=2 | delivery_date=2026-02-01 | message=happy 21
INFO Order created | order_id=1 | txnid=TXN53303BFBB3B1 | product=Classic Fudge Brownie | amount=598.00 | user_id=8 | username=Pavi7949 | email=pavithransampath3@gmail.com
WARNING Not Found: /media/product/caramel_brownie.jpg
WARNING Not Found: /media/product/caramel_brownie.jpg
INFO D:\project\project\product\views.py changed, reloading.
INFO Watching for file changes with StatReloader
INFO D:\project\project\product\views.py changed, reloading.
INFO Watching for file changes with StatReloader
WARNING Not Found: /media/product/caramel_brownie.jpg
WARNING Not Found: /media/product/caramel_brownie.jpg
WARNING Not Found: /media/product/caramel_brownie.jpg
INFO Order details | user=Pavi7949 | product=Red Velvet Cake | quantity=1 | delivery_date=2026-01-14 | message=haha
INFO Order created | order_id=2 | txnid=TXN037E377E9A3E | product=Red Velvet Cake | amount=699.00 | user_id=8 | username=Pavi7949 | email=pavithransampath3@gmail.com
INFO D:\project\project\product\email_utils.py changed, reloading.
INFO Watching for file changes with StatReloader
INFO D:\project\project\product\views.py changed, reloading.
INFO Watching for file changes with StatReloader
INFO Order details | user=Pavi7949 | product=Chocolate Fudge Cake | quantity=1 | delivery_date=2026-01-17 | message=aaa
INFO Order created | order_id=3 | txnid=TXN1C4607A3F8CB | product=Chocolate Fudge Cake | amount=599.00 | user_id=8 | username=Pavi7949 | email=pavithransampath3@gmail.com
INFO Order details | user=Pavi7949 | product=Vanilla Bean Cake | quantity=1 | delivery_date=2026-01-18 | message=sdc
INFO Order created | order_id=4 | txnid=TXN70CEB7BDFFF5 | product=Vanilla Bean Cake | amount=499.00 | user_id=8 | username=Pavi7949 | email=pavithransampath3@gmail.com
INFO D:\project\project\product\views.py changed, reloading.
INFO Watching for file changes with StatReloader
INFO Order details | user=Pavi7949 | product=White Chocolate Macadamia | quantity=1 | delivery_date=2026-01-16 | message=sd
INFO Order created | order_id=5 | txnid=TXN11CAE4788C06 | product=White Chocolate Macadamia | amount=329.00 | user_id=8 | username=Pavi7949 | email=pavithransampath3@gmail.com
INFO Order created | order_id=5 | txnid=TXN0F00EE2E2416 | product=White Chocolate Macadamia | amount=329.00 | user_id=8 | username=Pavi7949 | email=pavithransampath3@gmail.com
INFO D:\project\project\app\views.py changed, reloading.
INFO Watching for file changes with StatReloader
INFO D:\project\project\app\views.py changed, reloading.
INFO Watching for file changes with StatReloader
INFO D:\project\project\app\views.py changed, reloading.
INFO Watching for file changes with StatReloader
INFO D:\project\project\app\views.py changed, reloading.
INFO Watching for file changes with StatReloader
INFO D:\project\project\product\urls.py changed, reloading.
INFO Watching for file changes with StatReloader
INFO D:\project\project\product\views.py changed, reloading.
INFO Watching for file changes with StatReloader
ERROR Internal Server Error: /product/12/recipe-detail/
Traceback (most recent call last):
  File "D:\project\project\env\Lib\site-packages\django\core\handlers\exception.py", line 55, in inner
    response = get_response(request)
  File "D:\project\project\env\Lib\site-packages\django\core\handlers\base.py", line 198, in _get_response
    response = wrapped_callback(request, *callback_args, **callback_kwargs)
  File "D:\project\project\product\views.py", line 61, in product_recipe_detail
    return render(request, 'product/recipe_detail.html', {
        'product': product,
        'category_slug': product.category.slug
    })
  File "D:\project\project\env\Lib\site-packages\django\shortcuts.py", line 25, in render
    content = loader.render_to_string(template_name, context, request, using=using)
  File "D:\project\project\env\Lib\site-packages\django\template\loader.py", line 61, in render_to_string
    template = get_template(template_name, using=using)
  File "D:\project\project\env\Lib\site-packages\django\template\loader.py", line 19, in get_template
    raise TemplateDoesNotExist(template_name, chain=chain)
django.template.exceptions.TemplateDoesNotExist: product/recipe_detail.html
INFO D:\project\project\product\urls.py changed, reloading.
INFO Watching for file changes with StatReloader
INFO D:\project\project\product\views.py changed, reloading.
INFO Watching for file changes with StatReloader
WARNING Not Found: /product/11/recipe-detail/
INFO D:\project\project\product\views.py changed, reloading.
INFO Watching for file changes with StatReloader
INFO D:\project\project\product\urls.py changed, reloading.
INFO Watching for file changes with StatReloader
INFO D:\project\project\product\views.py changed, reloading.
INFO Watching for file changes with StatReloader
INFO Watching for file changes with StatReloader
WARNING Not Found: /favicon.ico
WARNING Not Found: /media/product/caramel_brownie.jpg
INFO D:\project\project\product\services.py changed, reloading.
INFO Watching for file changes with StatReloader
WARNING Not Found: /media/product/caramel_brownie.jpg
WARNING Not Found: /media/product/caramel_brownie.jpg
WARNING Not Found: /media/product/caramel_brownie.jpg
WARNING Not Found: /media/product/caramel_brownie.jpg
WARNING Not Found: /media/product/caramel_brownie.jpg
WARNING Not Found: /media/product/caramel_brownie.jpg
WARNING Not Found: /media/product/caramel_brownie.jpg
WARNING Not Found: /media/product/caramel_brownie.jpg
INFO Order details | user=Pavi7949 | product=Chocolate Fudge Cake | quantity=1 | delivery_date=2026-02-12 | message=21
INFO Order created | order_id=6 | txnid=TXN509355C6A63B | product=Chocolate Fudge Cake | amount=599.00 | user_id=8 | username=Pavi7949 | email=pavithransampath3@gmail.com
INFO Order created | order_id=6 | txnid=TXNA0FF695AFBEE | product=Chocolate Fudge Cake | amount=599.00 | user_id=8 | username=Pavi7949 | email=pavithransampath3@gmail.com
INFO Order created | order_id=6 | txnid=TXNBD4C85BF2906 | product=Chocolate Fudge Cake | amount=599.00 | user_id=8 | username=Pavi7949 | email=pavithransampath3@gmail.com
INFO Order details | user=Pavi7949 | product=Chocolate Fudge Cake | quantity=1 | delivery_date=2026-02-02 | message=hii
INFO Order created | order_id=7 | txnid=TXN708C0B723F60 | product=Chocolate Fudge Cake | amount=599.00 | user_id=8 | username=Pavi7949 | email=pavithransampath3@gmail.com
INFO Order created | order_id=7 | txnid=TXN0B2A40221161 | product=Chocolate Fudge Cake | amount=599.00 | user_id=8 | username=Pavi7949 | email=pavithransampath3@gmail.com
INFO Order created | order_id=7 | txnid=TXN97D25DA63501 | product=Chocolate Fudge Cake | amount=599.00 | user_id=8 | username=Pavi7949 | email=pavithransampath3@gmail.com
INFO Order created | order_id=7 | txnid=TXN68CE463C6181 | product=Chocolate Fudge Cake | amount=599.00 | user_id=8 | username=Pavi7949 | email=pavithransampath3@gmail.com
INFO Order created | order_id=7 | txnid=TXNE8F1F0ADC29E | product=Chocolate Fudge Cake | amount=599.00 | user_id=8 | username=Pavi7949 | email=pavithransampath3@gmail.com
INFO Order created | order_id=7 | txnid=TXNE2F99AAB7495 | product=Chocolate Fudge Cake | amount=599.00 | user_id=8 | username=Pavi7949 | email=pavithransampath3@gmail.com
INFO Order created | order_id=7 | txnid=TXN08BF55056C40 | product=Chocolate Fudge Cake | amount=599.00 | user_id=8 | username=Pavi7949 | email=pavithransampath3@gmail.com
INFO Order created | order_id=7 | txnid=TXN1BCCF7FB76CC | product=Chocolate Fudge Cake | amount=599.00 | user_id=8 | username=Pavi7949 | email=pavithransampath3@gmail.com
INFO Order created | order_id=7 | txnid=TXNCA15F1F0A49F | product=Chocolate Fudge Cake | amount=599.00 | user_id=8 | username=Pavi7949 | email=pavithransampath3@gmail.com
INFO D:\project\project\product\models.py changed, reloading.
INFO Watching for file changes with StatReloader
INFO D:\project\project\product\views.py changed, reloading.
INFO Watching for file changes with StatReloader
INFO D:\project\project\product\views.py changed, reloading.
INFO Watching for file changes with StatReloader
INFO D:\project\project\product\views.py changed, reloading.
INFO Watching for file changes with StatReloader
INFO D:\project\project\product\views.py changed, reloading.
INFO Watching for file changes with StatReloader
INFO D:\project\project\product\urls.py changed, reloading.
INFO Watching for file changes with StatReloader
INFO D:\project\project\product\urls.py changed, reloading.
INFO Watching for file changes with StatReloader
WARNING Not Found: /wishlist/toggle/1/
WARNING Not Found: /wishlist/toggle/2/
INFO D:\project\project\product\views.py changed, reloading.
INFO Watching for file changes with StatReloader
INFO D:\project\project\product\admin.py changed, reloading.
INFO Watching for file changes with StatReloader
INFO D:\project\project\product\admin.py changed, reloading.
INFO Watching for file changes with StatReloader
ERROR Internal Server Error: /
Traceback (most recent call last):
  File "D:\project\project\env\Lib\site-packages\django\core\handlers\exception.py", line 55, in inner
    response = get_response(request)
  File "D:\project\project\env\Lib\site-packages\django\core\handlers\base.py", line 198, in _get_response
    response = wrapped_callback(request, *callback_args, **callback_kwargs)
  File "D:\project\project\product\views.py", line 37, in home
    return render(request, 'product/home.html', {
        'categories': categories,
    ...<2 lines>...
        'user_wishlist': user_wishlist
    })
  File "D:\project\project\env\Lib\site-packages\django\shortcuts.py", line 25, in render
    content = loader.render_to_string(template_name, context, request, using=using)
  File "D:\project\project\env\Lib\site-packages\django\template\loader.py", line 62, in render_to_string
    return template.render(context, request)
           ~~~~~~~~~~~~~~~^^^^^^^^^^^^^^^^^^
  File "D:\project\project\env\Lib\site-packages\django\template\backends\django.py", line 107, in render
    return self.template.render(context)
           ~~~~~~~~~~~~~~~~~~~~^^^^^^^^^
  File "D:\project\project\env\Lib\site-packages\django\template\base.py", line 174, in render
    return self._render(context)
           ~~~~~~~~~~~~^^^^^^^^^
  File "D:\project\project\env\Lib\site-packages\django\template\base.py", line 166, in _render
    return self.nodelist.render(context)
           ~~~~~~~~~~~~~~~~~~~~^^^^^^^^^
  File "D:\project\project\env\Lib\site-packages\django\template\base.py", line 1091, in render
    return SafeString("".join([node.render_annotated(context) for node in self]))
                               ~~~~~~~~~~~~~~~~~~~~~^^^^^^^^^
  File "D:\project\project\env\Lib\site-packages\django\template\base.py", line 1052, in render_annotated
    return self.render(context)
           ~~~~~~~~~~~^^^^^^^^^
  File "D:\project\project\env\Lib\site-packages\django\template\defaulttags.py", line 511, in render
    url = reverse(view_name, args=args, kwargs=kwargs, current_app=current_app)
  File "D:\project\project\env\Lib\site-packages\django\urls\base.py", line 98, in reverse
    resolved_url = resolver._reverse_with_prefix(view, prefix, *args, **kwargs)
  File "D:\project\project\env\Lib\site-packages\django\urls\resolvers.py", line 842, in _reverse_with_prefix
    raise NoReverseMatch(msg)
django.urls.exceptions.NoReverseMatch: Reverse for 'wishlist' not found. 'wishlist' is not a valid view function or pattern name.
INFO D:\project\project\product\views.py changed, reloading.
INFO Watching for file changes with StatReloader
ERROR Internal Server Error: /
Traceback (most recent call last):
  File "D:\project\project\env\Lib\site-packages\django\core\handlers\exception.py", line 55, in inner
    response = get_response(request)
  File "D:\project\project\env\Lib\site-packages\django\core\handlers\base.py", line 198, in _get_response
    response = wrapped_callback(request, *callback_args, **callback_kwargs)
  File "D:\project\project\product\views.py", line 37, in home
    return render(request, 'product/home.html', {
        'categories': categories,
    ...<2 lines>...
        'user_wishlist': user_wishlist
    })
  File "D:\project\project\env\Lib\site-packages\django\shortcuts.py", line 25, in render
    content = loader.render_to_string(template_name, context, request, using=using)
  File "D:\project\project\env\Lib\site-packages\django\template\loader.py", line 62, in render_to_string
    return template.render(context, request)
           ~~~~~~~~~~~~~~~^^^^^^^^^^^^^^^^^^
  File "D:\project\project\env\Lib\site-packages\django\template\backends\django.py", line 107, in render
    return self.template.render(context)
           ~~~~~~~~~~~~~~~~~~~~^^^^^^^^^
  File "D:\project\project\env\Lib\site-packages\django\template\base.py", line 174, in render
    return self._render(context)
           ~~~~~~~~~~~~^^^^^^^^^
  File "D:\project\project\env\Lib\site-packages\django\template\base.py", line 166, in _render
    return self.nodelist.render(context)
           ~~~~~~~~~~~~~~~~~~~~^^^^^^^^^
  File "D:\project\project\env\Lib\site-packages\django\template\base.py", line 1091, in render
    return SafeString("".join([node.render_annotated(context) for node in self]))
                               ~~~~~~~~~~~~~~~~~~~~~^^^^^^^^^
  File "D:\project\project\env\Lib\site-packages\django\template\base.py", line 1052, in render_annotated
    return self.render(context)
           ~~~~~~~~~~~^^^^^^^^^
  File "D:\project\project\env\Lib\site-packages\django\template\defaulttags.py", line 511, in render
    url = reverse(view_name, args=args, kwargs=kwargs, current_app=current_app)
  File "D:\project\project\env\Lib\site-packages\django\urls\base.py", line 98, in reverse
    resolved_url = resolver._reverse_with_prefix(view, prefix, *args, **kwargs)
  File "D:\project\project\env\Lib\site-packages\django\urls\resolvers.py", line 842, in _reverse_with_prefix
    raise NoReverseMatch(msg)
django.urls.exceptions.NoReverseMatch: Reverse for 'wishlist' not found. 'wishlist' is not a valid view function or pattern name.
INFO D:\project\project\product\urls.py changed, reloading.
INFO Watching for file changes with StatReloader
INFO Watching for file changes with StatReloader
INFO Watching for file changes with StatReloader
INFO Watching for file changes with StatReloader
WARNING Not Found: /favicon.ico
INFO Order created | order_id=7 | txnid=TXNDD0D701A0D4B | product=Chocolate Fudge Cake | amount=599.00 | user_id=8 | username=Pavi7949 | email=pavithransampath3@gmail.com
WARNING Not Found: /category/cakes//product/1/recipe/
WARNING Not Found: /category/cakes//product/1/recipe/
WARNING Not Found: /category/cakes//product/1/recipe/
INFO D:\project\project\product\views.py changed, reloading.
INFO Watching for file changes with StatReloader
INFO D:\project\project\product\views.py changed, reloading.
INFO Watching for file changes with StatReloader
INFO Watching for file changes with StatReloader
INFO Watching for file changes with StatReloader
WARNING Not Found: /favicon.ico
INFO Order created | order_id=6 | txnid=TXNC0D6BAC8AAD4 | product=Chocolate Fudge Cake | amount=599.00 | user_id=8 | username=Pavi7949 | email=pavithransampath3@gmail.com
ERROR Internal Server Error: /category/brownies/
Traceback (most recent call last):
  File "D:\project\project\env\Lib\site-packages\django\template\base.py", line 577, in parse
    compile_func = self.tags[command]
                   ~~~~~~~~~^^^^^^^^^
KeyError: 'endif'

During handling of the above exception, another exception occurred:

Traceback (most recent call last):
  File "D:\project\project\env\Lib\site-packages\django\core\handlers\exception.py", line 55, in inner
    response = get_response(request)
  File "D:\project\project\env\Lib\site-packages\django\core\handlers\base.py", line 198, in _get_response
    response = wrapped_callback(request, *callback_args, **callback_kwargs)
  File "D:\project\project\product\views.py", line 66, in category_products
    return render(request, 'product/category.html', {
        'category': category,
    ...<2 lines>...
        'user_wishlist': user_wishlist
    })
  File "D:\project\project\env\Lib\site-packages\django\shortcuts.py", line 25, in render
    content = loader.render_to_string(template_name, context, request, using=using)
  File "D:\project\project\env\Lib\site-packages\django\template\loader.py", line 61, in render_to_string
    template = get_template(template_name, using=using)
  File "D:\project\project\env\Lib\site-packages\django\template\loader.py", line 15, in get_template
    return engine.get_template(template_name)
           ~~~~~~~~~~~~~~~~~~~^^^^^^^^^^^^^^^
  File "D:\project\project\env\Lib\site-packages\django\template\backends\django.py", line 79, in get_template
    return Template(self.engine.get_template(template_name), self)
                    ~~~~~~~~~~~~~~~~~~~~~~~~^^^^^^^^^^^^^^^
  File "D:\project\project\env\Lib\site-packages\django\template\engine.py", line 186, in get_template
    template, origin = self.find_template(template_name)
                       ~~~~~~~~~~~~~~~~~~^^^^^^^^^^^^^^^
  File "D:\project\project\env\Lib\site-packages\django\template\engine.py", line 159, in find_template
    template = loader.get_template(name, skip=skip)
  File "D:\project\project\env\Lib\site-packages\django\template\loaders\cached.py", line 57, in get_template
    template = super().get_template(template_name, skip)
  File "D:\project\project\env\Lib\site-packages\django\template\loaders\base.py", line 28, in get_template
    return Template(
        contents,
    ...<2 lines>...
        self.engine,
    )
  File "D:\project\project\env\Lib\site-packages\django\template\base.py", line 157, in __init__
    self.nodelist = self.compile_nodelist()
                    ~~~~~~~~~~~~~~~~~~~~~^^
  File "D:\project\project\env\Lib\site-packages\django\template\base.py", line 199, in compile_nodelist
    nodelist = parser.parse()
  File "D:\project\project\env\Lib\site-packages\django\template\base.py", line 585, in parse
    raise self.error(token, e)
  File "D:\project\project\env\Lib\site-packages\django\template\base.py", line 583, in parse
    compiled_result = compile_func(self, token)
  File "D:\project\project\env\Lib\site-packages\django\template\defaulttags.py", line 994, in do_if
    nodelist = parser.parse(("elif", "else", "endif"))
  File "D:\project\project\env\Lib\site-packages\django\template\base.py", line 585, in parse
    raise self.error(token, e)
  File "D:\project\project\env\Lib\site-packages\django\template\base.py", line 583, in parse
    compiled_result = compile_func(self, token)
  File "D:\project\project\env\Lib\site-packages\django\template\defaulttags.py", line 894, in do_for
    nodelist_loop = parser.parse(
        (
    ...<2 lines>...
        )
    )
  File "D:\project\project\env\Lib\site-packages\django\template\base.py", line 579, in parse
    self.invalid_block_tag(token, command, parse_until)
    ~~~~~~~~~~~~~~~~~~~~~~^^^^^^^^^^^^^^^^^^^^^^^^^^^^^
  File "D:\project\project\env\Lib\site-packages\django\template\base.py", line 634, in invalid_block_tag
    raise self.error(
    ...<8 lines>...
    )
django.template.exceptions.TemplateSyntaxError: Template: D:\project\project\product\templates\product\category.html, Invalid block tag on line 255: 'endif', expected 'empty' or 'endfor'. Did you forget to register or load this tag?
INFO Signup attempt | username=reka | email=vinothinis0609@gmail.com
INFO OTP generated and sent | email=vinothinis0609@gmail.com | otp=173992
INFO Signup data stored in session | username=reka | email=vinothinis0609@gmail.com
INFO OTP verification attempt | username=reka | email=vinothinis0609@gmail.com | entered_otp=173992
INFO User created successfully | user_id=10 | username=reka | email=vinothinis0609@gmail.com
INFO Signup completed successfully | username=reka | email=vinothinis0609@gmail.com
INFO Order details | user=reka | product=Chocolate Fudge Cake | quantity=1 | delivery_date=2026-02-12 | message=happy 21
INFO Order created | order_id=8 | txnid=TXNFF79513A3A3C | product=Chocolate Fudge Cake | amount=599.00 | user_id=10 | username=reka | email=vinothinis0609@gmail.com
INFO Order confirmation email sent for order_id=8
INFO Order details | user=reka | product=Double Chocolate Cookies | quantity=1 | delivery_date=2026-02-03 | message=hpy
INFO Order created | order_id=9 | txnid=TXND58DF853FC16 | product=Double Chocolate Cookies | amount=279.00 | user_id=10 | username=reka | email=vinothinis0609@gmail.com
INFO Order confirmation email sent for order_id=9
INFO Watching for file changes with StatReloader
INFO D:\project\project\project\views.py changed, reloading.
INFO Watching for file changes with StatReloader
INFO D:\project\project\project\views.py changed, reloading.
INFO Watching for file changes with StatReloader
INFO D:\project\project\project\views.py changed, reloading.
INFO Watching for file changes with StatReloader
INFO D:\project\project\project\views.py changed, reloading.
INFO Watching for file changes with StatReloader
WARNING Not Found: /favicon.ico
INFO Watching for file changes with StatReloader
INFO Watching for file changes with StatReloader
WARNING Not Found: /favicon.ico
WARNING Not Found: /cake.jpg
INFO Order details | user=admin1 | product=Chocolate Fudge Cake | quantity=1 | delivery_date=2026-02-01 | message=
INFO Order created | order_id=10 | txnid=TXN4CAA4474449C | product=Chocolate Fudge Cake | amount=599.00 | user_id=11 | username=admin1 | email=admin1@gmail.com
INFO Order details | user=admin1 | product=Chocolate Fudge Cake | quantity=1 | delivery_date=2026-02-11 | message=kj
INFO Order created | order_id=11 | txnid=TXN686DF21A4B5F | product=Chocolate Fudge Cake | amount=599.00 | user_id=11 | username=admin1 | email=admin1@gmail.com
INFO Order details | user=admin1 | product=Chocolate Fudge Cake | quantity=1 | delivery_date=2026-02-11 | message=kjmonjiuyhgtfrdeswqaasdfghjkllllllllllllllllppppoi
INFO Order created | order_id=12 | txnid=TXN2A7A452303C5 | product=Chocolate Fudge Cake | amount=599.00 | user_id=11 | username=admin1 | email=admin1@gmail.com
INFO D:\project\project\product\views.py changed, reloading.
INFO Watching for file changes with StatReloader
INFO D:\project\project\product\utils.py changed, reloading.
INFO Watching for file changes with StatReloader
INFO Watching for file changes with StatReloader
WARNING Not Found: /favicon.ico
INFO Watching for file changes with StatReloader
WARNING Not Found: /favicon.ico
INFO D:\project\project\product\views.py changed, reloading.
INFO Watching for file changes with StatReloader
INFO D:\project\project\product\views.py changed, reloading.
INFO Watching for file changes with StatReloader
INFO D:\project\project\product\views.py changed, reloading.
INFO Watching for file changes with StatReloader
INFO D:\project\project\product\views.py changed, reloading.
INFO Watching for file changes with StatReloader
INFO D:\project\project\product\views.py changed, reloading.
INFO Watching for file changes with StatReloader
INFO D:\project\project\product\views.py changed, reloading.
INFO Watching for file changes with StatReloader
INFO D:\project\project\product\views.py changed, reloading.
INFO Watching for file changes with StatReloader
INFO D:\project\project\product\views.py changed, reloading.
INFO Watching for file changes with StatReloader
INFO D:\project\project\product\views.py changed, reloading.
INFO Watching for file changes with StatReloader
INFO D:\project\project\product\views.py changed, reloading.
INFO Watching for file changes with StatReloader
WARNING Not Found: /.well-known/appspecific/com.chrome.devtools.json
WARNING Not Found: /.well-known/appspecific/com.chrome.devtools.json
INFO D:\project\project\product\models.py changed, reloading.
INFO Watching for file changes with StatReloader
INFO D:\project\project\product\views.py changed, reloading.
INFO Watching for file changes with StatReloader
INFO D:\project\project\product\views.py changed, reloading.
INFO Watching for file changes with StatReloader
INFO Watching for file changes with StatReloader
WARNING Not Found: /favicon.ico
INFO Signup attempt | username=user11 | email=vinothinis0609@gmail.com
INFO OTP generated and sent | email=vinothinis0609@gmail.com | otp=133820
INFO Signup data stored in session | username=user11 | email=vinothinis0609@gmail.com
INFO OTP verification attempt | username=user11 | email=vinothinis0609@gmail.com | entered_otp=133820
INFO User created successfully | user_id=12 | username=user11 | email=vinothinis0609@gmail.com
INFO Signup completed successfully | username=user11 | email=vinothinis0609@gmail.com
INFO Order details | user=user11 | product=Chocolate Fudge Cake | quantity=1 | delivery_date=2026-02-01 | message=sdas
ERROR Internal Server Error: /product/1/
Traceback (most recent call last):
  File "D:\project\project\env\Lib\site-packages\django\core\handlers\exception.py", line 55, in inner
    response = get_response(request)
  File "D:\project\project\env\Lib\site-packages\django\core\handlers\base.py", line 198, in _get_response
    response = wrapped_callback(request, *callback_args, **callback_kwargs)
  File "D:\project\project\env\Lib\site-packages\django\contrib\auth\decorators.py", line 59, in _view_wrapper
    return view_func(request, *args, **kwargs)
  File "D:\project\project\product\views.py", line 150, in product_order
    discount_info = apply_first_order_discount(request.user, original_amount)
  File "D:\project\project\product\views.py", line 530, in apply_first_order_discount
    discount = amount * 0.10
               ~~~~~~~^~~~~~
TypeError: unsupported operand type(s) for *: 'decimal.Decimal' and 'float'
ERROR Internal Server Error: /my_order/
Traceback (most recent call last):
  File "D:\project\project\env\Lib\site-packages\django\db\backends\utils.py", line 105, in _execute
    return self.cursor.execute(sql, params)
           ~~~~~~~~~~~~~~~~~~~^^^^^^^^^^^^^
  File "D:\project\project\env\Lib\site-packages\django\db\backends\sqlite3\base.py", line 359, in execute
    return super().execute(query, params)
           ~~~~~~~~~~~~~~~^^^^^^^^^^^^^^^
sqlite3.OperationalError: no such column: product_order.delivery_address

The above exception was the direct cause of the following exception:

Traceback (most recent call last):
  File "D:\project\project\env\Lib\site-packages\django\core\handlers\exception.py", line 55, in inner
    response = get_response(request)
  File "D:\project\project\env\Lib\site-packages\django\core\handlers\base.py", line 198, in _get_response
    response = wrapped_callback(request, *callback_args, **callback_kwargs)
  File "D:\project\project\product\views.py", line 429, in my_order
    return render(request, "product/my_order.html", {"orders": orders})
  File "D:\project\project\env\Lib\site-packages\django\shortcuts.py", line 25, in render
    content = loader.render_to_string(template_name, context, request, using=using)
  File "D:\project\project\env\Lib\site-packages\django\template\loader.py", line 62, in render_to_string
    return template.render(context, request)
           ~~~~~~~~~~~~~~~^^^^^^^^^^^^^^^^^^
  File "D:\project\project\env\Lib\site-packages\django\template\backends\django.py", line 107, in render
    return self.template.render(context)
           ~~~~~~~~~~~~~~~~~~~~^^^^^^^^^
  File "D:\project\project\env\Lib\site-packages\django\template\base.py", line 174, in render
    return self._render(context)
           ~~~~~~~~~~~~^^^^^^^^^
  File "D:\project\project\env\Lib\site-packages\django\template\base.py", line 166, in _render
    return self.nodelist.render(context)
           ~~~~~~~~~~~~~~~~~~~~^^^^^^^^^
  File "D:\project\project\env\Lib\site-packages\django\template\base.py", line 1091, in render
    return SafeString("".join([node.render_annotated(context) for node in self]))
                               ~~~~~~~~~~~~~~~~~~~~~^^^^^^^^^
  File "D:\project\project\env\Lib\site-packages\django\template\base.py", line 1052, in render_annotated
    return self.render(context)
           ~~~~~~~~~~~^^^^^^^^^
  File "D:\project\project\env\Lib\site-packages\django\template\defaulttags.py", line 332, in render
    if match:
       ^^^^^
  File "D:\project\project\env\Lib\site-packages\django\db\models\query.py", line 404, in __bool__
    self._fetch_all()
    ~~~~~~~~~~~~~~~^^
  File "D:\project\project\env\Lib\site-packages\django\db\models\query.py", line 2000, in _fetch_all
    self._result_cache = list(self._iterable_class(self))
                         ~~~~^^^^^^^^^^^^^^^^^^^^^^^^^^^^
  File "D:\project\project\env\Lib\site-packages\django\db\models\query.py", line 95, in __iter__
    results = compiler.execute_sql(
        chunked_fetch=self.chunked_fetch, chunk_size=self.chunk_size
    )
  File "D:\project\project\env\Lib\site-packages\django\db\models\sql\compiler.py", line 1624, in execute_sql
    cursor.execute(sql, params)
    ~~~~~~~~~~~~~~^^^^^^^^^^^^^
  File "D:\project\project\env\Lib\site-packages\django\db\backends\utils.py", line 122, in execute
    return super().execute(sql, params)
           ~~~~~~~~~~~~~~~^^^^^^^^^^^^^
  File "D:\project\project\env\Lib\site-packages\django\db\backends\utils.py", line 79, in execute
    return self._execute_with_wrappers(
           ~~~~~~~~~~~~~~~~~~~~~~~~~~~^
        sql, params, many=False, executor=self._execute
        ^^^^^^^^^^^^^^^^^^^^^^^^^^^^^^^^^^^^^^^^^^^^^^^
    )
    ^
  File "D:\project\project\env\Lib\site-packages\django\db\backends\utils.py", line 92, in _execute_with_wrappers
    return executor(sql, params, many, context)
  File "D:\project\project\env\Lib\site-packages\django\db\backends\utils.py", line 100, in _execute
    with self.db.wrap_database_errors:
         ^^^^^^^^^^^^^^^^^^^^^^^^^^^^
  File "D:\project\project\env\Lib\site-packages\django\db\utils.py", line 94, in __exit__
    raise dj_exc_value.with_traceback(traceback) from exc_value
  File "D:\project\project\env\Lib\site-packages\django\db\backends\utils.py", line 105, in _execute
    return self.cursor.execute(sql, params)
           ~~~~~~~~~~~~~~~~~~~^^^^^^^^^^^^^
  File "D:\project\project\env\Lib\site-packages\django\db\backends\sqlite3\base.py", line 359, in execute
    return super().execute(query, params)
           ~~~~~~~~~~~~~~~^^^^^^^^^^^^^^^
django.db.utils.OperationalError: no such column: product_order.delivery_address
INFO Watching for file changes with StatReloader
INFO Watching for file changes with StatReloader
WARNING Not Found: /favicon.ico
INFO D:\project\project\product\views.py changed, reloading.
INFO Watching for file changes with StatReloader
INFO D:\project\project\product\views.py changed, reloading.
INFO Watching for file changes with StatReloader
INFO Order details | user=user11 | product=Cheesecake Brownie | quantity=1 | delivery_date=2026-02-12 | message=fasdfgwsger
ERROR Internal Server Error: /product/7/
Traceback (most recent call last):
  File "D:\project\project\env\Lib\site-packages\django\core\handlers\exception.py", line 55, in inner
    response = get_response(request)
  File "D:\project\project\env\Lib\site-packages\django\core\handlers\base.py", line 198, in _get_response
    response = wrapped_callback(request, *callback_args, **callback_kwargs)
  File "D:\project\project\env\Lib\site-packages\django\contrib\auth\decorators.py", line 59, in _view_wrapper
    return view_func(request, *args, **kwargs)
  File "D:\project\project\product\views.py", line 150, in product_order
    discount_info = apply_first_order_discount(request.user, original_amount)
  File "D:\project\project\product\views.py", line 530, in apply_first_order_discount
    discount = amount * 0.10
               ~~~~~~~^~~~~~
TypeError: unsupported operand type(s) for *: 'decimal.Decimal' and 'float'
INFO D:\project\project\product\views.py changed, reloading.
INFO Watching for file changes with StatReloader
INFO D:\project\project\product\views.py changed, reloading.
INFO Watching for file changes with StatReloader
INFO Order details | user=user11 | product=Cheesecake Brownie | quantity=1 | delivery_date=2026-02-12 | message=fasdfgwsger
ERROR Internal Server Error: /product/7/
Traceback (most recent call last):
  File "D:\project\project\env\Lib\site-packages\django\db\backends\utils.py", line 105, in _execute
    return self.cursor.execute(sql, params)
           ~~~~~~~~~~~~~~~~~~~^^^^^^^^^^^^^
  File "D:\project\project\env\Lib\site-packages\django\db\backends\sqlite3\base.py", line 359, in execute
    return super().execute(query, params)
           ~~~~~~~~~~~~~~~^^^^^^^^^^^^^^^
sqlite3.OperationalError: table product_order has no column named delivery_address

The above exception was the direct cause of the following exception:

Traceback (most recent call last):
  File "D:\project\project\env\Lib\site-packages\django\core\handlers\exception.py", line 55, in inner
    response = get_response(request)
  File "D:\project\project\env\Lib\site-packages\django\core\handlers\base.py", line 198, in _get_response
    response = wrapped_callback(request, *callback_args, **callback_kwargs)
  File "D:\project\project\env\Lib\site-packages\django\contrib\auth\decorators.py", line 59, in _view_wrapper
    return view_func(request, *args, **kwargs)
  File "D:\project\project\product\views.py", line 153, in product_order
    order = Order.objects.create(
        product=product,
    ...<10 lines>...
        payment_status="PENDING"
    )
  File "D:\project\project\env\Lib\site-packages\django\db\models\manager.py", line 87, in manager_method
    return getattr(self.get_queryset(), name)(*args, **kwargs)
           ~~~~~~~~~~~~~~~~~~~~~~~~~~~~~~~~~~^^^^^^^^^^^^^^^^^
  File "D:\project\project\env\Lib\site-packages\django\db\models\query.py", line 669, in create
    obj.save(force_insert=True, using=self.db)
    ~~~~~~~~^^^^^^^^^^^^^^^^^^^^^^^^^^^^^^^^^^
  File "D:\project\project\env\Lib\site-packages\django\db\models\base.py", line 874, in save
    self.save_base(
    ~~~~~~~~~~~~~~^
        using=using,
        ^^^^^^^^^^^^
    ...<2 lines>...
        update_fields=update_fields,
        ^^^^^^^^^^^^^^^^^^^^^^^^^^^^
    )
    ^
  File "D:\project\project\env\Lib\site-packages\django\db\models\base.py", line 966, in save_base
    updated = self._save_table(
        raw,
    ...<4 lines>...
        update_fields,
    )
  File "D:\project\project\env\Lib\site-packages\django\db\models\base.py", line 1167, in _save_table
    results = self._do_insert(
        cls._base_manager, using, insert_fields, returning_fields, raw
    )
  File "D:\project\project\env\Lib\site-packages\django\db\models\base.py", line 1218, in _do_insert
    return manager._insert(
           ~~~~~~~~~~~~~~~^
        [self],
        ^^^^^^^
    ...<3 lines>...
        raw=raw,
        ^^^^^^^^
    )
    ^
  File "D:\project\project\env\Lib\site-packages\django\db\models\manager.py", line 87, in manager_method
    return getattr(self.get_queryset(), name)(*args, **kwargs)
           ~~~~~~~~~~~~~~~~~~~~~~~~~~~~~~~~~~^^^^^^^^^^^^^^^^^
  File "D:\project\project\env\Lib\site-packages\django\db\models\query.py", line 1918, in _insert
    return query.get_compiler(using=using).execute_sql(returning_fields)
           ~~~~~~~~~~~~~~~~~~~~~~~~~~~~~~~~~~~~~~~~~~~^^^^^^^^^^^^^^^^^^
  File "D:\project\project\env\Lib\site-packages\django\db\models\sql\compiler.py", line 1925, in execute_sql
    cursor.execute(sql, params)
    ~~~~~~~~~~~~~~^^^^^^^^^^^^^
  File "D:\project\project\env\Lib\site-packages\django\db\backends\utils.py", line 122, in execute
    return super().execute(sql, params)
           ~~~~~~~~~~~~~~~^^^^^^^^^^^^^
  File "D:\project\project\env\Lib\site-packages\django\db\backends\utils.py", line 79, in execute
    return self._execute_with_wrappers(
           ~~~~~~~~~~~~~~~~~~~~~~~~~~~^
        sql, params, many=False, executor=self._execute
        ^^^^^^^^^^^^^^^^^^^^^^^^^^^^^^^^^^^^^^^^^^^^^^^
    )
    ^
  File "D:\project\project\env\Lib\site-packages\django\db\backends\utils.py", line 92, in _execute_with_wrappers
    return executor(sql, params, many, context)
  File "D:\project\project\env\Lib\site-packages\django\db\backends\utils.py", line 100, in _execute
    with self.db.wrap_database_errors:
         ^^^^^^^^^^^^^^^^^^^^^^^^^^^^
  File "D:\project\project\env\Lib\site-packages\django\db\utils.py", line 94, in __exit__
    raise dj_exc_value.with_traceback(traceback) from exc_value
  File "D:\project\project\env\Lib\site-packages\django\db\backends\utils.py", line 105, in _execute
    return self.cursor.execute(sql, params)
           ~~~~~~~~~~~~~~~~~~~^^^^^^^^^^^^^
  File "D:\project\project\env\Lib\site-packages\django\db\backends\sqlite3\base.py", line 359, in execute
    return super().execute(query, params)
           ~~~~~~~~~~~~~~~^^^^^^^^^^^^^^^
django.db.utils.OperationalError: table product_order has no column named delivery_address
INFO D:\project\project\product\models.py changed, reloading.
INFO Watching for file changes with StatReloader
INFO D:\project\project\product\models.py changed, reloading.
INFO Watching for file changes with StatReloader
INFO D:\project\project\product\models.py changed, reloading.
INFO Watching for file changes with StatReloader
INFO Watching for file changes with StatReloader
INFO D:\project\project\product\admin.py changed, reloading.
INFO Watching for file changes with StatReloader
INFO D:\project\project\product\admin.py changed, reloading.
INFO Watching for file changes with StatReloader
INFO D:\project\project\product\admin.py changed, reloading.
INFO Watching for file changes with StatReloader
INFO Order details | user=user11 | product=Cheesecake Brownie | quantity=1 | delivery_date=2026-02-12 | message=fasdfgwsger
INFO Order created | order_id=13 | txnid=TXN460C9BF12CCB | product=Cheesecake Brownie | amount=359.10 | user_id=12 | username=user11 | email=vinothinis0609@gmail.com
INFO hashh: e476db0f21a7f1fdb6106afb34cb279bfa4865420fb039374f482ef2090bdf116ae68180e88830cdb767177bc3d110779fcae2faecf17ad08509dd660998f487
INFO Order details | user=user11 | product=Cheesecake Brownie | quantity=1 | delivery_date=2026-02-12 | message=fasdfgwsger
INFO Order created | order_id=14 | txnid=TXN021F4DB8DFAF | product=Cheesecake Brownie | amount=359.10 | user_id=12 | username=user11 | email=vinothinis0609@gmail.com
INFO hashh: e6dd1d97e0d83743576cf186707bbfa6731a7e1cb97f34ae54b7f4f9671984d1f6408e23ec64c59899b4de255a86a6533057986a3612a7ae62173f611a4cf811
INFO Order created | order_id=14 | txnid=TXNFAD6D14A4FC5 | product=Cheesecake Brownie | amount=359.10 | user_id=12 | username=user11 | email=vinothinis0609@gmail.com
INFO hashh: b19b48cdad271f4bd0225f1ccf68bb42236152d8196d226b44cb23411325a39f8d4bd6d14aff20735f9876f2f60ab0c9d97dab3ac121d17f66ae5dc421ceae9d
INFO Order confirmation email sent for order_id=14
INFO Order details | user=user11 | product=Chocolate Fudge Cake | quantity=1 | delivery_date=2026-02-01 | message=sdfad
INFO Order details | user=user11 | product=Chocolate Fudge Cake | quantity=1 | delivery_date=2026-02-01 | message=ASD
INFO Order created | order_id=15 | txnid=TXN9455E99647C9 | product=Chocolate Fudge Cake | amount=599.00 | user_id=12 | username=user11 | email=vinothinis0609@gmail.com
INFO hashh: 762fe2fab1a2c8a69d6d819f93c2aff2797155469f0637e5c0a3dfab5230443dac48e5e95947bb18ed59b7f41d79c126191145fa115e3d0349a7db0f44326029
INFO Order confirmation email sent for order_id=15
INFO Order details | user=user11 | product=Vanilla Bean Cake | quantity=1 | delivery_date=2026-02-01 | message=sdcs
INFO Order created | order_id=16 | txnid=TXN3096C623F4F7 | product=Vanilla Bean Cake | amount=499.00 | user_id=12 | username=user11 | email=vinothinis0609@gmail.com
INFO hashh: 3d5c4cb77f52dd7c3f4c426e216164a6105a06ffe2ba626436c411dd0fdd08616eb0a1d357bacabaaf270e663a42d4d10c94069dc6ecd9ce6158b539da363727
INFO Order confirmation email sent for order_id=16
INFO Order confirmation email sent for order_id=16
INFO Order details | user=user11 | product=Vanilla Bean Cake | quantity=1 | delivery_date=2026-02-01 | message=df
INFO Order created | order_id=17 | txnid=TXN53C93DB63E43 | product=Vanilla Bean Cake | amount=499.00 | user_id=12 | username=user11 | email=vinothinis0609@gmail.com
INFO hashh: daf1bd50e71a1830b38e65d1486a236bba98db2de80a2adb2eadfe23af4972d4e83972ec2122e2aba516c950b9300ada44302746ac15a4262f2d4b9784f36a14
INFO Order confirmation email sent for order_id=17
INFO Order details | user=user11 | product=Red Velvet Cake | quantity=1 | delivery_date=2026-02-01 | message=scasc
INFO Order created | order_id=18 | txnid=TXN2D04E9F69633 | product=Red Velvet Cake | amount=699.00 | user_id=12 | username=user11 | email=vinothinis0609@gmail.com
INFO hashh: 3762446c1f1852579ec20ab244db3503ade0bd034f19878015303d3753170c316a78fcb982ac894c25993847d811f269773c912be17cfb166f1ab41a6ea3eb88
INFO Order confirmation email sent for order_id=18
INFO Order details | user=user11 | product=Chocolate Fudge Cake | quantity=1 | delivery_date=2026-02-01 | message=sdcadc
INFO Order created | order_id=19 | txnid=TXN464A2A583B2B | product=Chocolate Fudge Cake | amount=599.00 | user_id=12 | username=user11 | email=vinothinis0609@gmail.com
INFO hashh: 54d88b43555892b6c37d8e1e4b5cd29da3044e423cc993a36a515d807ca68568dc7117b7984d9a73a7083c8976825411107b92c2d51a85d86985f9f9874f9caa
INFO Order confirmation email sent for order_id=19
INFO Order details | user=user11 | product=Chocolate Fudge Cake | quantity=1 | delivery_date=2026-02-01 | message=czxcz
INFO Order created | order_id=20 | txnid=TXN5174539BA2F6 | product=Chocolate Fudge Cake | amount=599.00 | user_id=12 | username=user11 | email=vinothinis0609@gmail.com
INFO hashh: 8a393a795603a3787d85c085cd3ff861f0738754dd0a84e882849517e56e42620c9eb6dbf50a630a66c4e57a33803280de744e5d7459ee67fc84e3d7f5b1aec1
INFO Order confirmation email sent for order_id=20
INFO Order details | user=user11 | product=Red Velvet Cake | quantity=1 | delivery_date=2026-02-01 | message=zca
INFO Order created | order_id=21 | txnid=TXNA515C54D57BD | product=Red Velvet Cake | amount=699.00 | user_id=12 | username=user11 | email=vinothinis0609@gmail.com
INFO hashh: fb455235d92654e1bc3cf70c267adb7403b25fedcf05dc9d0723d0916b4e974dfa4ff7c8a3bdffbf80bec1ebc3bcb00d6c881516dcf28d8a843a7a0ddc2ac2f5
INFO Order confirmation email sent for order_id=21
INFO Order details | user=user11 | product=Vanilla Bean Cake | quantity=1 | delivery_date=2026-02-01 | message=fsdfsd
INFO Order created | order_id=22 | txnid=TXN3FABA0A21EAD | product=Vanilla Bean Cake | amount=499.00 | user_id=12 | username=user11 | email=vinothinis0609@gmail.com
INFO hashh: 02329c51964101fd66b1de57823eeaa8122f6701621d200ebbd3333d088ed74939039e59897980b9da5e5947bdeea736123d145faf888ea6064ca5d0062d1a28
INFO Order confirmation email sent for order_id=22
INFO Order details | user=user11 | product=Vanilla Bean Cake | quantity=1 | delivery_date=2026-02-01 | message=dfsdf
INFO Order created | order_id=23 | txnid=TXNFCB43207F6DD | product=Vanilla Bean Cake | amount=499.00 | user_id=12 | username=user11 | email=vinothinis0609@gmail.com
INFO hashh: d3ba46955dd86b1383512f87bace2018f952c6ff091dff4f123288ae2bd5982af62b796a93ef7042cfd08b290591ad3353c099a9741305fbe896b59fe2ef42c5
INFO Order confirmation email sent for order_id=23
INFO Order details | user=user11 | product=Chocolate Fudge Cake | quantity=1 | delivery_date=2026-02-01 | message=dsfsd
INFO Order created | order_id=24 | txnid=TXN5FF932BFB22F | product=Chocolate Fudge Cake | amount=599.00 | user_id=12 | username=user11 | email=vinothinis0609@gmail.com
INFO hashh: 9862c2aa0f07e89bdaac691fa7b518286fd177b5103011615d8d78e4cadb63f94e18f6ec4bfc82143e90dd42cbe42a63a7fa6592b5ce765e391cd19aaf161f0b
INFO Order created | order_id=24 | txnid=TXNB2B748D7350C | product=Chocolate Fudge Cake | amount=599.00 | user_id=12 | username=user11 | email=vinothinis0609@gmail.com
INFO hashh: f3d8cead3e7922f82fb4b190dc577eecd4630cfb5df4bf49a867d23ae78dcba56f34c2f9cfeeecba9f582f75f65b52e321725ceaf7595c0f5ae5c4805e73d5d8
INFO Watching for file changes with StatReloader
WARNING Not Found: /favicon.ico
INFO Order details | user=user11 | product=Strawberry Shortcake | quantity=1 | delivery_date=2026-01-30 | message=fgfnn
INFO Order details | user=user11 | product=Strawberry Shortcake | quantity=1 | delivery_date=2026-02-12 | message=dfb
INFO Order created | order_id=25 | txnid=TXN4856819D16FE | product=Strawberry Shortcake | amount=549.00 | user_id=12 | username=user11 | email=vinothinis0609@gmail.com
INFO hashh: 36ace269c0b57adf37b0857bdf33d18c19dccbbfe68d734c9b4451dbde3931626bebd074a26762e60106e6a54c1fb0545bb061a74fddadee5c43d4241084bc11
INFO Order confirmation email sent for order_id=25
INFO Watching for file changes with StatReloader
ERROR Invalid HTTP_HOST header: '127.0.0.1:8000'. You may need to add '127.0.0.1' to ALLOWED_HOSTS.
Traceback (most recent call last):
  File "D:\project\project\env\Lib\site-packages\django\core\handlers\exception.py", line 55, in inner
    response = get_response(request)
  File "D:\project\project\env\Lib\site-packages\django\utils\deprecation.py", line 308, in __call__
    response = self.process_request(request)
  File "D:\project\project\env\Lib\site-packages\django\middleware\common.py", line 48, in process_request
    host = request.get_host()
  File "D:\project\project\env\Lib\site-packages\django\http\request.py", line 205, in get_host
    raise DisallowedHost(msg)
django.core.exceptions.DisallowedHost: Invalid HTTP_HOST header: '127.0.0.1:8000'. You may need to add '127.0.0.1' to ALLOWED_HOSTS.
INFO D:\project\project\project\settings.py changed, reloading.
INFO Watching for file changes with StatReloader
INFO D:\project\project\project\settings.py changed, reloading.
INFO Watching for file changes with StatReloader
INFO D:\project\project\project\settings.py changed, reloading.
INFO Watching for file changes with StatReloader
INFO D:\project\project\project\settings.py changed, reloading.
INFO Watching for file changes with StatReloader
INFO Watching for file changes with StatReloader
INFO D:\project\project\product\views.py changed, reloading.
INFO Watching for file changes with StatReloader
WARNING Not Found: /favicon.ico
INFO D:\project\project\product\views.py changed, reloading.
INFO Watching for file changes with StatReloader
INFO D:\project\project\product\views.py changed, reloading.
INFO Watching for file changes with StatReloader
INFO D:\project\project\product\views.py changed, reloading.
INFO Watching for file changes with StatReloader
INFO D:\project\project\product\views.py changed, reloading.
INFO Watching for file changes with StatReloader
INFO D:\project\project\product\views.py changed, reloading.
INFO Watching for file changes with StatReloader
INFO D:\project\project\product\views.py changed, reloading.
INFO Watching for file changes with StatReloader
INFO D:\project\project\product\views.py changed, reloading.
INFO Watching for file changes with StatReloader
INFO D:\project\project\product\views.py changed, reloading.
INFO Watching for file changes with StatReloader
INFO D:\project\project\product\views.py changed, reloading.
INFO Watching for file changes with StatReloader
INFO D:\project\project\product\views.py changed, reloading.
INFO Watching for file changes with StatReloader
INFO D:\project\project\product\views.py changed, reloading.
INFO Watching for file changes with StatReloader
INFO D:\project\project\product\views.py changed, reloading.
INFO Watching for file changes with StatReloader
INFO D:\project\project\product\views.py changed, reloading.
INFO Watching for file changes with StatReloader
INFO D:\project\project\product\views.py changed, reloading.
INFO Watching for file changes with StatReloader
INFO D:\project\project\product\views.py changed, reloading.
INFO Watching for file changes with StatReloader
INFO D:\project\project\product\views.py changed, reloading.
INFO Watching for file changes with StatReloader
INFO D:\project\project\product\views.py changed, reloading.
INFO Watching for file changes with StatReloader
INFO D:\project\project\product\views.py changed, reloading.
INFO Watching for file changes with StatReloader
INFO D:\project\project\product\views.py changed, reloading.
INFO Watching for file changes with StatReloader
INFO Watching for file changes with StatReloader
INFO D:\project\project\product\views.py changed, reloading.
INFO Watching for file changes with StatReloader
INFO Watching for file changes with StatReloader
INFO Watching for file changes with StatReloader
INFO Watching for file changes with StatReloader
INFO D:\project\project\product\views.py changed, reloading.
INFO Watching for file changes with StatReloader
INFO D:\project\project\product\views.py changed, reloading.
INFO Watching for file changes with StatReloader
INFO D:\project\project\product\views.py changed, reloading.
INFO Watching for file changes with StatReloader
INFO D:\project\project\product\views.py changed, reloading.
INFO Watching for file changes with StatReloader
INFO D:\project\project\product\views.py changed, reloading.
INFO Watching for file changes with StatReloader
INFO D:\project\project\product\views.py changed, reloading.
INFO Watching for file changes with StatReloader
INFO D:\project\project\product\views.py changed, reloading.
INFO Watching for file changes with StatReloader
INFO D:\project\project\product\views.py changed, reloading.
INFO Watching for file changes with StatReloader
INFO D:\project\project\product\views.py changed, reloading.
INFO Watching for file changes with StatReloader
INFO D:\project\project\product\views.py changed, reloading.
INFO Watching for file changes with StatReloader
INFO D:\project\project\product\views.py changed, reloading.
INFO Watching for file changes with StatReloader
INFO D:\project\project\product\views.py changed, reloading.
INFO Watching for file changes with StatReloader
INFO D:\project\project\product\views.py changed, reloading.
INFO Watching for file changes with StatReloader
INFO D:\project\project\product\views.py changed, reloading.
INFO Watching for file changes with StatReloader
INFO D:\project\project\product\views.py changed, reloading.
INFO Watching for file changes with StatReloader
INFO D:\project\project\product\utils.py changed, reloading.
INFO Watching for file changes with StatReloader
INFO D:\project\project\product\utils.py changed, reloading.
INFO Watching for file changes with StatReloader
INFO D:\project\project\product\utils.py changed, reloading.
INFO Watching for file changes with StatReloader
INFO D:\project\project\product\utils.py changed, reloading.
INFO Watching for file changes with StatReloader
INFO D:\project\project\product\utils.py changed, reloading.
INFO Watching for file changes with StatReloader
INFO D:\project\project\product\utils.py changed, reloading.
INFO Watching for file changes with StatReloader
INFO D:\project\project\product\utils.py changed, reloading.
INFO Watching for file changes with StatReloader
INFO D:\project\project\product\utils.py changed, reloading.
INFO Watching for file changes with StatReloader
INFO D:\project\project\product\utils.py changed, reloading.
INFO Watching for file changes with StatReloader
INFO D:\project\project\product\utils.py changed, reloading.
INFO Watching for file changes with StatReloader
INFO D:\project\project\product\utils.py changed, reloading.
INFO Watching for file changes with StatReloader
INFO D:\project\project\product\utils.py changed, reloading.
INFO Watching for file changes with StatReloader
INFO D:\project\project\product\utils.py changed, reloading.
INFO Watching for file changes with StatReloader
INFO D:\project\project\product\utils.py changed, reloading.
INFO Watching for file changes with StatReloader
INFO D:\project\project\product\utils.py changed, reloading.
INFO Watching for file changes with StatReloader
INFO D:\project\project\product\utils.py changed, reloading.
INFO Watching for file changes with StatReloader
INFO D:\project\project\product\utils.py changed, reloading.
INFO Watching for file changes with StatReloader
INFO D:\project\project\product\utils.py changed, reloading.
INFO Watching for file changes with StatReloader
INFO D:\project\project\product\utils.py changed, reloading.
INFO Watching for file changes with StatReloader
INFO D:\project\project\product\utils.py changed, reloading.
INFO Watching for file changes with StatReloader
INFO D:\project\project\product\utils.py changed, reloading.
INFO Watching for file changes with StatReloader
INFO D:\project\project\product\utils.py changed, reloading.
INFO Watching for file changes with StatReloader
INFO D:\project\project\product\utils.py changed, reloading.
INFO Watching for file changes with StatReloader
INFO D:\project\project\product\utils.py changed, reloading.
INFO Watching for file changes with StatReloader
INFO D:\project\project\product\views.py changed, reloading.
INFO Watching for file changes with StatReloader
INFO D:\project\project\product\views.py changed, reloading.
INFO Watching for file changes with StatReloader
INFO D:\project\project\product\views.py changed, reloading.
INFO Watching for file changes with StatReloader
INFO D:\project\project\product\views.py changed, reloading.
INFO Watching for file changes with StatReloader
INFO Watching for file changes with StatReloader
INFO D:\project\project\product\views.py changed, reloading.
INFO Watching for file changes with StatReloader
INFO D:\project\project\product\views.py changed, reloading.
INFO Watching for file changes with StatReloader
INFO D:\project\project\product\views.py changed, reloading.
INFO Watching for file changes with StatReloader
INFO Watching for file changes with StatReloader
ERROR Internal Server Error: /search/
Traceback (most recent call last):
  File "D:\project\project\env\Lib\site-packages\django\core\handlers\exception.py", line 55, in inner
    response = get_response(request)
  File "D:\project\project\env\Lib\site-packages\django\core\handlers\base.py", line 198, in _get_response
    response = wrapped_callback(request, *callback_args, **callback_kwargs)
  File "D:\project\project\product\views.py", line 92, in search_products
    products = apply_product_search(products, search_query)
  File "D:\project\project\product\utils.py", line 9, in apply_product_search
    products=products.filter(
        Q(name_icontains=search_query)
    )
  File "D:\project\project\env\Lib\site-packages\django\db\models\query.py", line 1542, in filter
    return self._filter_or_exclude(False, args, kwargs)
           ~~~~~~~~~~~~~~~~~~~~~~~^^^^^^^^^^^^^^^^^^^^^
  File "D:\project\project\env\Lib\site-packages\django\db\models\query.py", line 1560, in _filter_or_exclude
    clone._filter_or_exclude_inplace(negate, args, kwargs)
    ~~~~~~~~~~~~~~~~~~~~~~~~~~~~~~~~^^^^^^^^^^^^^^^^^^^^^^
  File "D:\project\project\env\Lib\site-packages\django\db\models\query.py", line 1570, in _filter_or_exclude_inplace
    self._query.add_q(Q(*args, **kwargs))
    ~~~~~~~~~~~~~~~~~^^^^^^^^^^^^^^^^^^^^
  File "D:\project\project\env\Lib\site-packages\django\db\models\sql\query.py", line 1671, in add_q
    clause, _ = self._add_q(q_object, can_reuse)
                ~~~~~~~~~~~^^^^^^^^^^^^^^^^^^^^^
  File "D:\project\project\env\Lib\site-packages\django\db\models\sql\query.py", line 1703, in _add_q
    child_clause, needed_inner = self.build_filter(
                                 ~~~~~~~~~~~~~~~~~^
        child,
        ^^^^^^
    ...<7 lines>...
        update_join_types=update_join_types,
        ^^^^^^^^^^^^^^^^^^^^^^^^^^^^^^^^^^^^
    )
    ^
  File "D:\project\project\env\Lib\site-packages\django\db\models\sql\query.py", line 1528, in build_filter
    return self._add_q(
           ~~~~~~~~~~~^
        filter_expr,
        ^^^^^^^^^^^^
    ...<7 lines>...
        update_join_types=update_join_types,
        ^^^^^^^^^^^^^^^^^^^^^^^^^^^^^^^^^^^^
    )
    ^
  File "D:\project\project\env\Lib\site-packages\django\db\models\sql\query.py", line 1703, in _add_q
    child_clause, needed_inner = self.build_filter(
                                 ~~~~~~~~~~~~~~~~~^
        child,
        ^^^^^^
    ...<7 lines>...
        update_join_types=update_join_types,
        ^^^^^^^^^^^^^^^^^^^^^^^^^^^^^^^^^^^^
    )
    ^
  File "D:\project\project\env\Lib\site-packages\django\db\models\sql\query.py", line 1551, in build_filter
    lookups, parts, reffed_expression = self.solve_lookup_type(arg, summarize)
                                        ~~~~~~~~~~~~~~~~~~~~~~^^^^^^^^^^^^^^^^
  File "D:\project\project\env\Lib\site-packages\django\db\models\sql\query.py", line 1358, in solve_lookup_type
    _, field, _, lookup_parts = self.names_to_path(lookup_splitted, self.get_meta())
                                ~~~~~~~~~~~~~~~~~~^^^^^^^^^^^^^^^^^^^^^^^^^^^^^^^^^^
  File "D:\project\project\env\Lib\site-packages\django\db\models\sql\query.py", line 1832, in names_to_path
    raise FieldError(
    ...<2 lines>...
    )
django.core.exceptions.FieldError: Cannot resolve keyword 'name_icontains' into field. Choices are: category, category_id, description, id, image, name, order, price, recipe, wishlist
INFO D:\project\project\product\utils.py changed, reloading.
INFO Watching for file changes with StatReloader
INFO Watching for file changes with StatReloader
INFO D:\project\project\product\views.py changed, reloading.
INFO Watching for file changes with StatReloader
INFO D:\project\project\product\views.py changed, reloading.
INFO Watching for file changes with StatReloader
INFO D:\project\project\product\views.py changed, reloading.
INFO Watching for file changes with StatReloader
INFO D:\project\project\product\views.py changed, reloading.
INFO Watching for file changes with StatReloader
INFO D:\project\project\product\views.py changed, reloading.
INFO Watching for file changes with StatReloader
INFO D:\project\project\product\views.py changed, reloading.
INFO Watching for file changes with StatReloader
INFO D:\project\project\product\views.py changed, reloading.
INFO Watching for file changes with StatReloader
INFO D:\project\project\product\views.py changed, reloading.
INFO Watching for file changes with StatReloader
INFO D:\project\project\product\views.py changed, reloading.
INFO Watching for file changes with StatReloader
INFO D:\project\project\product\views.py changed, reloading.
INFO Watching for file changes with StatReloader
INFO D:\project\project\product\views.py changed, reloading.
INFO Watching for file changes with StatReloader
INFO D:\project\project\product\views.py changed, reloading.
INFO Watching for file changes with StatReloader
INFO D:\project\project\product\views.py changed, reloading.
INFO Watching for file changes with StatReloader
INFO D:\project\project\product\views.py changed, reloading.
INFO Watching for file changes with StatReloader
INFO D:\project\project\product\views.py changed, reloading.
INFO Watching for file changes with StatReloader
INFO D:\project\project\product\views.py changed, reloading.
INFO Watching for file changes with StatReloader
INFO D:\project\project\product\views.py changed, reloading.
INFO Watching for file changes with StatReloader
INFO D:\project\project\product\views.py changed, reloading.
INFO Watching for file changes with StatReloader
INFO D:\project\project\product\views.py changed, reloading.
INFO Watching for file changes with StatReloader
INFO D:\project\project\product\views.py changed, reloading.
INFO Watching for file changes with StatReloader
INFO D:\project\project\product\views.py changed, reloading.
INFO Watching for file changes with StatReloader
INFO D:\project\project\product\views.py changed, reloading.
INFO Watching for file changes with StatReloader
INFO D:\project\project\product\views.py changed, reloading.
INFO Watching for file changes with StatReloader
INFO D:\project\project\product\views.py changed, reloading.
INFO Watching for file changes with StatReloader
INFO D:\project\project\product\views.py changed, reloading.
INFO Watching for file changes with StatReloader
INFO D:\project\project\product\views.py changed, reloading.
INFO Watching for file changes with StatReloader
INFO D:\project\project\product\views.py changed, reloading.
INFO Watching for file changes with StatReloader
INFO D:\project\project\product\views.py changed, reloading.
INFO Watching for file changes with StatReloader
INFO D:\project\project\product\views.py changed, reloading.
INFO Watching for file changes with StatReloader
INFO D:\project\project\product\views.py changed, reloading.
INFO Watching for file changes with StatReloader
INFO D:\project\project\product\views.py changed, reloading.
INFO Watching for file changes with StatReloader
INFO D:\project\project\product\views.py changed, reloading.
INFO Watching for file changes with StatReloader
INFO D:\project\project\product\views.py changed, reloading.
INFO Watching for file changes with StatReloader
INFO D:\project\project\product\views.py changed, reloading.
INFO Watching for file changes with StatReloader
INFO D:\project\project\product\views.py changed, reloading.
INFO Watching for file changes with StatReloader
INFO D:\project\project\product\views.py changed, reloading.
INFO Watching for file changes with StatReloader
INFO D:\project\project\product\views.py changed, reloading.
INFO Watching for file changes with StatReloader
INFO D:\project\project\product\views.py changed, reloading.
INFO Watching for file changes with StatReloader
INFO D:\project\project\product\views.py changed, reloading.
INFO Watching for file changes with StatReloader
WARNING Bad Request: /payment/payu/webhook/
INFO Order details | user=user11 | product=Vanilla Bean Cake | quantity=1 | delivery_date=2026-02-12 | message=asf
INFO Order created | order_id=26 | txnid=TXN813398603665 | product=Vanilla Bean Cake | amount=499.00 | user_id=12 | username=user11 | email=vinothinis0609@gmail.com
INFO hashh: bffb5552347fdfaf2b7cf9470c65e574d38414e1204c5255cc8955e46cfaf33ab1ce6c483b916f27136b9c11f9d7de63549c4708d4368945790e7279a23d6a9a
INFO Order confirmation email sent for order_id=26
WARNING Bad Request: /payment/payu/webhook/
INFO D:\project\project\product\views.py changed, reloading.
INFO Watching for file changes with StatReloader
INFO D:\project\project\product\views.py changed, reloading.
INFO Watching for file changes with StatReloader
INFO D:\project\project\product\views.py changed, reloading.
INFO Watching for file changes with StatReloader
INFO D:\project\project\product\views.py changed, reloading.
INFO Watching for file changes with StatReloader
INFO D:\project\project\product\views.py changed, reloading.
INFO Watching for file changes with StatReloader
INFO D:\project\project\product\views.py changed, reloading.
INFO Watching for file changes with StatReloader
INFO D:\project\project\product\views.py changed, reloading.
INFO Watching for file changes with StatReloader
INFO D:\project\project\product\views.py changed, reloading.
INFO Watching for file changes with StatReloader
INFO D:\project\project\product\views.py changed, reloading.
INFO Watching for file changes with StatReloader
INFO D:\project\project\product\views.py changed, reloading.
INFO Watching for file changes with StatReloader
INFO D:\project\project\product\views.py changed, reloading.
INFO Watching for file changes with StatReloader
INFO D:\project\project\product\views.py changed, reloading.
INFO Watching for file changes with StatReloader
INFO D:\project\project\product\views.py changed, reloading.
INFO Watching for file changes with StatReloader
INFO Webhook endpoint accessed with non-POST request
INFO Webhook endpoint accessed with non-POST request
INFO Webhook endpoint accessed with non-POST request
INFO Watching for file changes with StatReloader
ERROR Internal Server Error: /
Traceback (most recent call last):
  File "D:\project\env\Lib\site-packages\django\core\handlers\exception.py", line 55, in inner
    response = get_response(request)
  File "D:\project\env\Lib\site-packages\django\core\handlers\base.py", line 197, in _get_response
    response = wrapped_callback(request, *callback_args, **callback_kwargs)
  File "D:\project\project\product\views.py", line 56, in home
    return render(request, 'product/home.html', context)
                                                ^^^^^^^
UnboundLocalError: cannot access local variable 'context' where it is not associated with a value
WARNING Not Found: /favicon.ico
INFO D:\project\project\product\views.py changed, reloading.
INFO Watching for file changes with StatReloader
ERROR Internal Server Error: /
Traceback (most recent call last):
  File "D:\project\env\Lib\site-packages\django\core\handlers\exception.py", line 55, in inner
    response = get_response(request)
  File "D:\project\env\Lib\site-packages\django\core\handlers\base.py", line 204, in _get_response
    self.check_response(response, callback)
    ~~~~~~~~~~~~~~~~~~~^^^^^^^^^^^^^^^^^^^^
  File "D:\project\env\Lib\site-packages\django\core\handlers\base.py", line 332, in check_response
    raise ValueError(
    ...<2 lines>...
    )
ValueError: The view product.views.home didn't return an HttpResponse object. It returned None instead.
INFO D:\project\project\product\views.py changed, reloading.
INFO Watching for file changes with StatReloader
INFO D:\project\project\product\views.py changed, reloading.
INFO Watching for file changes with StatReloader
INFO D:\project\project\product\views.py changed, reloading.
INFO Watching for file changes with StatReloader
INFO D:\project\project\product\views.py changed, reloading.
INFO Watching for file changes with StatReloader
INFO D:\project\project\product\views.py changed, reloading.
INFO Watching for file changes with StatReloader
INFO D:\project\project\product\views.py changed, reloading.
INFO Watching for file changes with StatReloader
INFO D:\project\project\product\views.py changed, reloading.
INFO Watching for file changes with StatReloader
INFO D:\project\project\project\settings.py changed, reloading.
INFO Watching for file changes with StatReloader
INFO D:\project\project\project\settings.py changed, reloading.
INFO Watching for file changes with StatReloader
